{"asctime": "2026-02-16 21:26:54,439", "levelname": "INFO", "name": "inference", "message": "inference_event", "region": "yogyakarta", "model_version": "v1", "latency_ms": 104.4952, "request_id": "TEST-12345", "predicted_price": 1800253.26}
{"asctime": "2026-02-16 21:26:54,439", "levelname": "INFO", "name": "inference", "message": "RequestID=TEST-12345 | Method=POST | Path=/predict/yogyakarta | Latency=126.73 ms | Status=200"}
{"asctime": "2026-02-16 21:27:33,091", "levelname": "INFO", "name": "inference", "message": "RequestID=TEST-12345 | Method=POST | Path=/predict/yogyakarta | Latency=2.25 ms | Status=422"}
{"asctime": "2026-02-16 21:40:22,886", "levelname": "INFO", "name": "inference", "message": "RequestID=f780b381-cdb6-413e-ab77-cec24e74d83a | Method=GET | Path=//prediction-monitor/yogyakarta | Latency=0.76 ms | Status=404"}
{"asctime": "2026-02-16 21:50:02,503", "levelname": "INFO", "name": "inference", "message": "RequestID=546160a2-a7a1-445f-986b-1a8ca2dc1bb3 | Method=GET | Path=/docs | Latency=1.44 ms | Status=200"}
{"asctime": "2026-02-16 21:50:02,702", "levelname": "INFO", "name": "inference", "message": "RequestID=ded945a4-1c07-4637-8c94-5284fc2d9720 | Method=GET | Path=/openapi.json | Latency=57.63 ms | Status=200"}
{"asctime": "2026-02-16 21:50:19,118", "levelname": "INFO", "name": "inference", "message": "RequestID=06aeb7ae-1a79-4974-82cd-4ddbc72093f6 | Method=GET | Path=/prediction-monitor/jakarta_pusat | Latency=20.30 ms | Status=200"}
{"asctime": "2026-02-16 21:50:51,142", "levelname": "INFO", "name": "inference", "message": "inference_event", "region": "jakarta_pusat", "model_version": "v1", "latency_ms": 164.5215, "request_id": "75d01698-9de7-4a00-bf9e-1ba383d87eba", "predicted_price": 1419628.58}
{"asctime": "2026-02-16 21:50:51,150", "levelname": "INFO", "name": "inference", "message": "RequestID=75d01698-9de7-4a00-bf9e-1ba383d87eba | Method=POST | Path=/predict/jakarta_pusat | Latency=177.24 ms | Status=200"}
{"asctime": "2026-02-16 21:51:07,658", "levelname": "INFO", "name": "inference", "message": "RequestID=b2220f47-08c5-478f-bc93-1ca8c222469d | Method=GET | Path=/prediction-monitor/jakarta_pusat | Latency=1.90 ms | Status=200"}
{"asctime": "2026-02-17 08:57:23,182", "levelname": "INFO", "name": "inference", "message": "RequestID=e8f1c327-203a-4f81-9d01-b015690ad40a | Method=GET | Path=/ | Latency=0.56 ms | Status=404"}
{"asctime": "2026-02-17 08:57:26,547", "levelname": "INFO", "name": "inference", "message": "RequestID=c894084d-6c2d-4351-a750-c2fcd0236459 | Method=GET | Path=/docs | Latency=0.42 ms | Status=200"}
{"asctime": "2026-02-17 08:57:26,674", "levelname": "INFO", "name": "inference", "message": "RequestID=257318f2-216c-4d35-81d9-8306f81bc1f8 | Method=GET | Path=/openapi.json | Latency=48.59 ms | Status=200"}
{"asctime": "2026-02-17 08:57:50,077", "levelname": "INFO", "name": "inference", "message": "RequestID=ce8a9842-159a-49c2-8c9e-4032ab8985e8 | Method=GET | Path=//prediction-monitor/yogyakarta | Latency=0.49 ms | Status=404"}
{"asctime": "2026-02-17 08:57:56,385", "levelname": "INFO", "name": "inference", "message": "RequestID=de7af38d-df04-46e3-904b-f3c6eacb7625 | Method=GET | Path=//predict/yogyakarta | Latency=0.53 ms | Status=404"}
{"asctime": "2026-02-17 08:58:02,198", "levelname": "INFO", "name": "inference", "message": "RequestID=4c5d669d-5fa8-473c-9da0-55b57ace68be | Method=GET | Path=/predict/yogyakarta | Latency=0.36 ms | Status=405"}
{"asctime": "2026-02-17 08:58:16,932", "levelname": "INFO", "name": "inference", "message": "RequestID=TEST-12345 | Method=POST | Path=/predict/yogyakarta | Latency=18.54 ms | Status=422"}
{"asctime": "2026-02-17 08:58:23,406", "levelname": "INFO", "name": "inference", "message": "inference_event", "region": "yogyakarta", "model_version": "v1", "latency_ms": 85.8916, "request_id": "TEST-12345", "predicted_price": 1814721.93}
{"asctime": "2026-02-17 08:58:23,408", "levelname": "INFO", "name": "inference", "message": "RequestID=TEST-12345 | Method=POST | Path=/predict/yogyakarta | Latency=93.61 ms | Status=200"}
{"asctime": "2026-02-17 08:59:37,802", "levelname": "INFO", "name": "inference", "message": "RequestID=5176dc4f-3979-4399-89cf-c49d8697925c | Method=GET | Path=/docs | Latency=0.42 ms | Status=200"}
{"asctime": "2026-02-17 08:59:37,868", "levelname": "INFO", "name": "inference", "message": "RequestID=757b0cd6-f4c8-4ea1-b285-0e27e7ed2768 | Method=GET | Path=/openapi.json | Latency=0.66 ms | Status=200"}
{"asctime": "2026-02-17 08:59:41,082", "levelname": "INFO", "name": "inference", "message": "RequestID=369e38a0-a23d-423b-b443-9bf56dddfbe4 | Method=GET | Path=/health | Latency=2.12 ms | Status=200"}
{"asctime": "2026-02-17 08:59:50,786", "levelname": "INFO", "name": "inference", "message": "RequestID=65e1faa8-d1f1-430d-b88e-9d7667e931f9 | Method=GET | Path=/predict | Latency=0.36 ms | Status=404"}
{"asctime": "2026-02-17 09:27:59,596", "levelname": "INFO", "name": "inference", "message": "RequestID=83c3bb3e-8a37-4923-8103-9304a8bebcd8 | Method=GET | Path=/docs | Latency=0.36 ms | Status=200"}
{"asctime": "2026-02-17 09:27:59,661", "levelname": "INFO", "name": "inference", "message": "RequestID=fa826c29-a1e4-4322-bfe2-79815cf1a820 | Method=GET | Path=/openapi.json | Latency=0.62 ms | Status=200"}
{"asctime": "2026-02-17 09:28:23,126", "levelname": "INFO", "name": "inference", "message": "inference_event", "region": "jakarta_pusat", "model_version": "v1", "latency_ms": 67.4894, "request_id": "579013c1-419e-4ede-a1d0-f45fd77065b8", "predicted_price": 2352878.8}
{"asctime": "2026-02-17 09:28:23,128", "levelname": "INFO", "name": "inference", "message": "RequestID=579013c1-419e-4ede-a1d0-f45fd77065b8 | Method=POST | Path=/predict/jakarta_pusat | Latency=70.85 ms | Status=200"}
{"asctime": "2026-02-17 09:28:36,265", "levelname": "INFO", "name": "inference", "message": "inference_event", "region": "yogyakarta", "model_version": "v1", "latency_ms": 62.7851, "request_id": "62722bcc-b584-42ad-b45c-e12ae8924827", "predicted_price": 1184761.43}
{"asctime": "2026-02-17 09:28:36,268", "levelname": "INFO", "name": "inference", "message": "RequestID=62722bcc-b584-42ad-b45c-e12ae8924827 | Method=POST | Path=/predict/yogyakarta | Latency=70.66 ms | Status=200"}
{"asctime": "2026-02-17 09:28:44,706", "levelname": "INFO", "name": "inference", "message": "RequestID=979d5c95-4ebc-4ead-bf5f-17786e09581f | Method=GET | Path=/metrics | Latency=3.41 ms | Status=200"}
{"asctime": "2026-02-17 09:29:06,266", "levelname": "INFO", "name": "inference", "message": "inference_event", "region": "jakarta_utara", "model_version": "v1", "latency_ms": 18.0362, "request_id": "fb9d95ec-7085-4c21-8bc6-806bb55033b3", "predicted_price": 1799850.73}
{"asctime": "2026-02-17 09:29:06,267", "levelname": "INFO", "name": "inference", "message": "RequestID=fb9d95ec-7085-4c21-8bc6-806bb55033b3 | Method=POST | Path=/predict/jakarta_utara | Latency=21.14 ms | Status=200"}
{"asctime": "2026-02-17 09:29:14,854", "levelname": "INFO", "name": "inference", "message": "RequestID=91260ed0-5e3c-4f5b-9853-ae56677a6179 | Method=GET | Path=/metrics | Latency=1.31 ms | Status=200"}
{"asctime": "2026-02-17 09:30:30,204", "levelname": "INFO", "name": "inference", "message": "RequestID=54dedc79-6b12-4259-9f27-52c94fbddf72 | Method=GET | Path=/anomaly-monitor/yogyakarta | Latency=2.62 ms | Status=200"}
{"asctime": "2026-02-17 10:56:06,606", "levelname": "INFO", "name": "inference", "message": "RequestID=7237ea0f-c14f-48a9-aea6-fc46855e9a0d | Method=GET | Path=/ | Latency=0.70 ms | Status=404"}
{"asctime": "2026-02-17 10:56:32,535", "levelname": "INFO", "name": "inference", "message": "RequestID=3bcaa970-9b34-43a1-93d9-1218055c1a76 | Method=GET | Path=/docs | Latency=0.37 ms | Status=200"}
{"asctime": "2026-02-17 10:56:32,651", "levelname": "INFO", "name": "inference", "message": "RequestID=445ab651-451f-4e45-a80d-49b09ce66792 | Method=GET | Path=/openapi.json | Latency=49.34 ms | Status=200"}
{"asctime": "2026-02-17 10:56:56,833", "levelname": "INFO", "name": "inference", "message": "inference_event", "region": "jakarta_pusat", "model_version": "v1", "request_id": "56f33516-e434-458f-b890-46b7a2cd0cd9", "predicted_price": 2240037.93}
{"asctime": "2026-02-17 10:56:56,836", "levelname": "INFO", "name": "inference", "message": "RequestID=56f33516-e434-458f-b890-46b7a2cd0cd9 | Method=POST | Path=/predict/jakarta_pusat | Latency=94.45 ms | Status=200"}
{"asctime": "2026-02-17 10:57:05,846", "levelname": "INFO", "name": "inference", "message": "inference_event", "region": "jakarta_selatan", "model_version": "v1", "request_id": "ca3e412a-e71f-4d5d-bb1b-da090025322d", "predicted_price": 3034615.05}
{"asctime": "2026-02-17 10:57:05,849", "levelname": "INFO", "name": "inference", "message": "RequestID=ca3e412a-e71f-4d5d-bb1b-da090025322d | Method=POST | Path=/predict/jakarta_selatan | Latency=34.26 ms | Status=200"}
{"asctime": "2026-02-17 10:57:13,052", "levelname": "INFO", "name": "inference", "message": "inference_event", "region": "jakarta_utara", "model_version": "v1", "request_id": "1fa732ba-5e24-4122-8d2f-6ec3f513ae97", "predicted_price": 1700673.86}
{"asctime": "2026-02-17 10:57:13,054", "levelname": "INFO", "name": "inference", "message": "RequestID=1fa732ba-5e24-4122-8d2f-6ec3f513ae97 | Method=POST | Path=/predict/jakarta_utara | Latency=18.09 ms | Status=200"}
{"asctime": "2026-02-17 10:57:18,255", "levelname": "INFO", "name": "inference", "message": "inference_event", "region": "yogyakarta", "model_version": "v1", "request_id": "eed7f904-1492-4252-a62b-17b6dad7d749", "predicted_price": 1298725.2}
{"asctime": "2026-02-17 10:57:18,257", "levelname": "INFO", "name": "inference", "message": "RequestID=eed7f904-1492-4252-a62b-17b6dad7d749 | Method=POST | Path=/predict/yogyakarta | Latency=51.79 ms | Status=200"}
{"asctime": "2026-02-17 10:57:24,509", "levelname": "INFO", "name": "inference", "message": "inference_event", "region": "yogyakarta", "model_version": "v1", "request_id": "00f9ddd5-ebac-4a46-9441-2f693108a7a4", "predicted_price": 1293910.17}
{"asctime": "2026-02-17 10:57:24,511", "levelname": "INFO", "name": "inference", "message": "RequestID=00f9ddd5-ebac-4a46-9441-2f693108a7a4 | Method=POST | Path=/predict/yogyakarta | Latency=57.55 ms | Status=200"}
{"asctime": "2026-02-17 10:57:33,511", "levelname": "INFO", "name": "inference", "message": "inference_event", "region": "yogyakarta", "model_version": "v1", "request_id": "3efe2d80-237b-4359-866d-9124ab05e8e1", "predicted_price": 1286429.01}
{"asctime": "2026-02-17 10:57:33,513", "levelname": "INFO", "name": "inference", "message": "RequestID=3efe2d80-237b-4359-866d-9124ab05e8e1 | Method=POST | Path=/predict/yogyakarta | Latency=65.38 ms | Status=200"}
{"asctime": "2026-02-17 10:57:43,851", "levelname": "INFO", "name": "inference", "message": "inference_event", "region": "yogyakarta", "model_version": "v1", "request_id": "5cba6afa-fc8b-4e35-97ca-919cf5ae1bc3", "predicted_price": 1318821.04}
{"asctime": "2026-02-17 10:57:43,853", "levelname": "INFO", "name": "inference", "message": "RequestID=5cba6afa-fc8b-4e35-97ca-919cf5ae1bc3 | Method=POST | Path=/predict/yogyakarta | Latency=71.40 ms | Status=200"}
{"asctime": "2026-02-17 10:58:01,655", "levelname": "INFO", "name": "inference", "message": "RequestID=42e693fb-21ee-4568-854f-6d9f85765d5c | Method=GET | Path=/metrics | Latency=5.37 ms | Status=200"}
{"asctime": "2026-02-17 10:59:18,767", "levelname": "INFO", "name": "inference", "message": "RequestID=523412d7-48c2-4429-808d-521a91093b94 | Method=POST | Path=/predict/yogyakarta | Latency=5.64 ms | Status=422"}
{"asctime": "2026-02-17 10:59:24,125", "levelname": "INFO", "name": "inference", "message": "RequestID=cab0e5eb-d970-49ef-8cc6-39dfce18869d | Method=GET | Path=/metrics | Latency=2.76 ms | Status=200"}
{"asctime": "2026-02-17 11:02:12,875", "levelname": "INFO", "name": "inference", "message": "RequestID=e049f30e-fdce-4b8d-8395-26f14803fc85 | Method=GET | Path=/metrics | Latency=2.50 ms | Status=200"}
{"asctime": "2026-02-17 11:02:27,875", "levelname": "INFO", "name": "inference", "message": "RequestID=da976131-c2e9-4703-95d7-aaf53188afef | Method=GET | Path=/metrics | Latency=2.90 ms | Status=200"}
{"asctime": "2026-02-17 11:02:42,871", "levelname": "INFO", "name": "inference", "message": "RequestID=242be67f-b22b-403d-aa89-cb88868934f3 | Method=GET | Path=/metrics | Latency=2.36 ms | Status=200"}
{"asctime": "2026-02-17 11:02:57,875", "levelname": "INFO", "name": "inference", "message": "RequestID=bc969858-5ec4-4547-9231-58869dbed005 | Method=GET | Path=/metrics | Latency=2.43 ms | Status=200"}
{"asctime": "2026-02-17 11:03:12,890", "levelname": "INFO", "name": "inference", "message": "RequestID=155b6fde-0d79-4191-9510-37832a8b5375 | Method=GET | Path=/metrics | Latency=2.76 ms | Status=200"}
{"asctime": "2026-02-17 11:03:27,870", "levelname": "INFO", "name": "inference", "message": "RequestID=84cfba09-4fc4-48be-9dd5-33e38a861679 | Method=GET | Path=/metrics | Latency=2.39 ms | Status=200"}
{"asctime": "2026-02-17 11:03:42,880", "levelname": "INFO", "name": "inference", "message": "RequestID=e32e6eb7-9371-4e8b-b317-564c7857f079 | Method=GET | Path=/metrics | Latency=2.49 ms | Status=200"}
{"asctime": "2026-02-17 11:03:57,870", "levelname": "INFO", "name": "inference", "message": "RequestID=a60ab256-b0ff-4163-bed8-d45d2c00de0d | Method=GET | Path=/metrics | Latency=3.52 ms | Status=200"}
{"asctime": "2026-02-17 11:04:12,872", "levelname": "INFO", "name": "inference", "message": "RequestID=463cff8b-5949-41aa-950b-cfd5d10217fa | Method=GET | Path=/metrics | Latency=2.84 ms | Status=200"}
{"asctime": "2026-02-17 11:04:27,872", "levelname": "INFO", "name": "inference", "message": "RequestID=775de146-101f-4a92-b5a8-3c92e7c27563 | Method=GET | Path=/metrics | Latency=2.79 ms | Status=200"}
{"asctime": "2026-02-17 11:04:42,872", "levelname": "INFO", "name": "inference", "message": "RequestID=c3ee8059-d794-4b55-854e-5bc1be2ab255 | Method=GET | Path=/metrics | Latency=2.72 ms | Status=200"}
{"asctime": "2026-02-17 11:04:57,868", "levelname": "INFO", "name": "inference", "message": "RequestID=9ba9bba1-3ccf-4a77-b682-43b0ad81bda2 | Method=GET | Path=/metrics | Latency=2.59 ms | Status=200"}
{"asctime": "2026-02-17 11:09:12,880", "levelname": "INFO", "name": "inference", "message": "RequestID=0135c697-bcba-4431-ba09-01725a5a474d | Method=GET | Path=/metrics | Latency=2.37 ms | Status=200"}
{"asctime": "2026-02-17 11:09:27,872", "levelname": "INFO", "name": "inference", "message": "RequestID=9b9d4bdd-0dad-474e-a2ea-1d4e41868af0 | Method=GET | Path=/metrics | Latency=2.50 ms | Status=200"}
{"asctime": "2026-02-17 11:09:42,867", "levelname": "INFO", "name": "inference", "message": "RequestID=e9da8734-c238-4da5-a2b1-3c48bfa6b705 | Method=GET | Path=/metrics | Latency=1.47 ms | Status=200"}
{"asctime": "2026-02-17 11:09:57,870", "levelname": "INFO", "name": "inference", "message": "RequestID=f64b94a9-25b2-458d-b20e-8d586d6f9626 | Method=GET | Path=/metrics | Latency=2.55 ms | Status=200"}
{"asctime": "2026-02-17 11:10:12,875", "levelname": "INFO", "name": "inference", "message": "RequestID=bcca08b9-25ad-4e38-9258-fb437b697392 | Method=GET | Path=/metrics | Latency=3.19 ms | Status=200"}
{"asctime": "2026-02-17 11:10:27,871", "levelname": "INFO", "name": "inference", "message": "RequestID=75afe258-f476-4bdd-a4f7-3ad1e3c1bd68 | Method=GET | Path=/metrics | Latency=2.34 ms | Status=200"}
{"asctime": "2026-02-17 11:10:42,897", "levelname": "INFO", "name": "inference", "message": "RequestID=26fd2792-410c-44e6-80db-57352dbb46bb | Method=GET | Path=/metrics | Latency=7.04 ms | Status=200"}
{"asctime": "2026-02-17 11:10:57,879", "levelname": "INFO", "name": "inference", "message": "RequestID=39c4b044-85dc-445c-ac41-4fc687016a31 | Method=GET | Path=/metrics | Latency=4.51 ms | Status=200"}
{"asctime": "2026-02-17 11:11:12,878", "levelname": "INFO", "name": "inference", "message": "RequestID=3e3c3ce8-32cc-406d-b6b8-80776790b7d0 | Method=GET | Path=/metrics | Latency=5.77 ms | Status=200"}
{"asctime": "2026-02-17 11:11:27,872", "levelname": "INFO", "name": "inference", "message": "RequestID=230616f4-e97d-4e19-947d-18e3851cd1bb | Method=GET | Path=/metrics | Latency=3.23 ms | Status=200"}
{"asctime": "2026-02-17 11:11:42,875", "levelname": "INFO", "name": "inference", "message": "RequestID=8b97af31-0299-4cf9-9e6e-432807a0f5b8 | Method=GET | Path=/metrics | Latency=4.40 ms | Status=200"}
{"asctime": "2026-02-17 11:11:57,876", "levelname": "INFO", "name": "inference", "message": "RequestID=7c2ef679-6883-4fed-9bb7-7c2d6b2d996e | Method=GET | Path=/metrics | Latency=2.75 ms | Status=200"}
{"asctime": "2026-02-17 11:12:12,875", "levelname": "INFO", "name": "inference", "message": "RequestID=0ea230ae-f416-400e-801f-682b18de465e | Method=GET | Path=/metrics | Latency=2.81 ms | Status=200"}
{"asctime": "2026-02-17 11:12:27,880", "levelname": "INFO", "name": "inference", "message": "RequestID=39d831cc-f879-449a-8e7e-d945620b65b4 | Method=GET | Path=/metrics | Latency=4.03 ms | Status=200"}
{"asctime": "2026-02-17 11:12:42,874", "levelname": "INFO", "name": "inference", "message": "RequestID=45f5d5a6-e5ac-4e20-8d21-72ae5a04a2fe | Method=GET | Path=/metrics | Latency=4.57 ms | Status=200"}
{"asctime": "2026-02-17 11:12:57,875", "levelname": "INFO", "name": "inference", "message": "RequestID=9fc5805a-4e70-4c87-8222-3adc31b58740 | Method=GET | Path=/metrics | Latency=2.33 ms | Status=200"}
{"asctime": "2026-02-17 11:13:12,877", "levelname": "INFO", "name": "inference", "message": "RequestID=158b6aed-4769-4c14-9c5d-91261f1f5f33 | Method=GET | Path=/metrics | Latency=2.70 ms | Status=200"}
{"asctime": "2026-02-17 11:13:27,873", "levelname": "INFO", "name": "inference", "message": "RequestID=6676accd-b77a-43a2-a629-3ead7b084227 | Method=GET | Path=/metrics | Latency=2.36 ms | Status=200"}
{"asctime": "2026-02-17 11:13:42,868", "levelname": "INFO", "name": "inference", "message": "RequestID=321ec07d-4845-497d-8464-c61e1c4cc92e | Method=GET | Path=/metrics | Latency=2.37 ms | Status=200"}
{"asctime": "2026-02-17 11:13:57,874", "levelname": "INFO", "name": "inference", "message": "RequestID=b6c54351-820a-436a-ab9d-118c6c9dd184 | Method=GET | Path=/metrics | Latency=2.85 ms | Status=200"}
{"asctime": "2026-02-17 11:14:12,872", "levelname": "INFO", "name": "inference", "message": "RequestID=9eb725e1-0ca5-42aa-84d2-4baac8ca0574 | Method=GET | Path=/metrics | Latency=2.86 ms | Status=200"}
{"asctime": "2026-02-17 11:14:27,874", "levelname": "INFO", "name": "inference", "message": "RequestID=6cd07f50-076d-43e5-85c9-89477afff5dc | Method=GET | Path=/metrics | Latency=3.23 ms | Status=200"}
{"asctime": "2026-02-17 11:14:42,879", "levelname": "INFO", "name": "inference", "message": "RequestID=a5935795-be1a-4641-9a5d-a1b452fdaf79 | Method=GET | Path=/metrics | Latency=2.82 ms | Status=200"}
{"asctime": "2026-02-17 11:14:57,875", "levelname": "INFO", "name": "inference", "message": "RequestID=17284d07-befa-4e9a-afef-0886a6cb6d5e | Method=GET | Path=/metrics | Latency=4.21 ms | Status=200"}
{"asctime": "2026-02-17 11:15:12,869", "levelname": "INFO", "name": "inference", "message": "RequestID=53c8c918-2e78-4bb2-8d8a-a11e51b61d14 | Method=GET | Path=/metrics | Latency=2.59 ms | Status=200"}
{"asctime": "2026-02-17 11:15:27,875", "levelname": "INFO", "name": "inference", "message": "RequestID=8268b910-e84d-4dbd-9b09-170fab7c4245 | Method=GET | Path=/metrics | Latency=2.67 ms | Status=200"}
{"asctime": "2026-02-17 11:15:42,872", "levelname": "INFO", "name": "inference", "message": "RequestID=2385e2ef-f23d-4082-b751-aaf6cd31d4e1 | Method=GET | Path=/metrics | Latency=2.46 ms | Status=200"}
{"asctime": "2026-02-17 11:15:57,881", "levelname": "INFO", "name": "inference", "message": "RequestID=8b529be9-02ff-4b90-b246-663a9376e50e | Method=GET | Path=/metrics | Latency=7.80 ms | Status=200"}
{"asctime": "2026-02-17 11:16:12,876", "levelname": "INFO", "name": "inference", "message": "RequestID=83a660cd-3d29-4800-8b15-f796c55ccf5d | Method=GET | Path=/metrics | Latency=3.09 ms | Status=200"}
{"asctime": "2026-02-17 11:16:27,877", "levelname": "INFO", "name": "inference", "message": "RequestID=bde734f9-082c-4f51-9f51-d8f8e2076cf1 | Method=GET | Path=/metrics | Latency=2.46 ms | Status=200"}
{"asctime": "2026-02-17 11:16:42,875", "levelname": "INFO", "name": "inference", "message": "RequestID=e62dc225-5e83-4594-88c1-4c5db7187a57 | Method=GET | Path=/metrics | Latency=2.59 ms | Status=200"}
{"asctime": "2026-02-17 11:16:57,875", "levelname": "INFO", "name": "inference", "message": "RequestID=9f3700c9-9158-4da3-b225-b39c8d560640 | Method=GET | Path=/metrics | Latency=2.57 ms | Status=200"}
{"asctime": "2026-02-17 11:17:12,880", "levelname": "INFO", "name": "inference", "message": "RequestID=5c562760-d301-42a4-bd19-552696673003 | Method=GET | Path=/metrics | Latency=3.82 ms | Status=200"}
{"asctime": "2026-02-17 11:17:27,899", "levelname": "INFO", "name": "inference", "message": "RequestID=bfa9e81e-911f-4983-923b-d00641590de1 | Method=GET | Path=/metrics | Latency=8.25 ms | Status=200"}
{"asctime": "2026-02-17 11:17:42,871", "levelname": "INFO", "name": "inference", "message": "RequestID=dad5b387-6527-4d13-897c-dcbbd075f910 | Method=GET | Path=/metrics | Latency=1.78 ms | Status=200"}
{"asctime": "2026-02-17 11:19:04,034", "levelname": "INFO", "name": "inference", "message": "RequestID=6472039c-fa0e-434a-837f-2de45d857d5b | Method=GET | Path=/ | Latency=1.15 ms | Status=404"}
{"asctime": "2026-02-17 11:19:04,097", "levelname": "INFO", "name": "inference", "message": "RequestID=bdc1b7b4-1037-4f20-ace9-42ff9cbf9056 | Method=GET | Path=/favicon.ico | Latency=0.62 ms | Status=404"}
{"asctime": "2026-02-17 11:19:07,269", "levelname": "INFO", "name": "inference", "message": "RequestID=b136e87b-d505-436f-b03c-09c835d4bf4f | Method=GET | Path=/docs | Latency=0.38 ms | Status=200"}
{"asctime": "2026-02-17 11:19:07,376", "levelname": "INFO", "name": "inference", "message": "RequestID=19f54580-88c3-4510-993f-45bd03578e0f | Method=GET | Path=/openapi.json | Latency=35.54 ms | Status=200"}
{"asctime": "2026-02-17 11:19:30,349", "levelname": "INFO", "name": "inference", "message": "inference_event", "region": "jakarta_utara", "model_version": "v1", "request_id": "1c05def5-74e7-4245-8fc5-17b77b6c0e80", "predicted_price": 2362989.9}
{"asctime": "2026-02-17 11:19:30,350", "levelname": "INFO", "name": "inference", "message": "RequestID=1c05def5-74e7-4245-8fc5-17b77b6c0e80 | Method=POST | Path=/predict/jakarta_utara | Latency=22.97 ms | Status=200"}
{"asctime": "2026-02-17 11:19:40,106", "levelname": "INFO", "name": "inference", "message": "inference_event", "region": "jakarta_selatan", "model_version": "v1", "request_id": "d6732550-42d0-4976-b0d9-730752b83f0c", "predicted_price": 2896613.3}
{"asctime": "2026-02-17 11:19:40,108", "levelname": "INFO", "name": "inference", "message": "RequestID=d6732550-42d0-4976-b0d9-730752b83f0c | Method=POST | Path=/predict/jakarta_selatan | Latency=44.54 ms | Status=200"}
{"asctime": "2026-02-17 11:19:45,568", "levelname": "INFO", "name": "inference", "message": "inference_event", "region": "yogyakarta", "model_version": "v1", "request_id": "605340eb-c592-4f7f-81fd-fbde64a18a59", "predicted_price": 1766297.13}
{"asctime": "2026-02-17 11:19:45,571", "levelname": "INFO", "name": "inference", "message": "RequestID=605340eb-c592-4f7f-81fd-fbde64a18a59 | Method=POST | Path=/predict/yogyakarta | Latency=48.91 ms | Status=200"}
{"asctime": "2026-02-17 11:19:50,729", "levelname": "INFO", "name": "inference", "message": "inference_event", "region": "yogyakarta", "model_version": "v1", "request_id": "0565070c-6850-41d6-a4f8-615eac1ce888", "predicted_price": 1330843.71}
{"asctime": "2026-02-17 11:19:50,732", "levelname": "INFO", "name": "inference", "message": "RequestID=0565070c-6850-41d6-a4f8-615eac1ce888 | Method=POST | Path=/predict/yogyakarta | Latency=54.42 ms | Status=200"}
{"asctime": "2026-02-17 11:19:58,771", "levelname": "INFO", "name": "inference", "message": "RequestID=b2cf5846-444b-46a4-b7ad-474ece9c475e | Method=POST | Path=/predict/yogyakarta | Latency=1.22 ms | Status=422"}
{"asctime": "2026-02-17 11:21:16,373", "levelname": "INFO", "name": "inference", "message": "RequestID=ec22acba-ee43-47b2-a961-7b95c19e3d4a | Method=GET | Path=/metrics | Latency=4.76 ms | Status=200"}
{"asctime": "2026-02-17 11:21:31,378", "levelname": "INFO", "name": "inference", "message": "RequestID=566da6c3-397f-48c5-9123-7929772abcd7 | Method=GET | Path=/metrics | Latency=2.27 ms | Status=200"}
{"asctime": "2026-02-17 11:21:46,373", "levelname": "INFO", "name": "inference", "message": "RequestID=17dce197-e026-4295-b1f3-d8885d0023a6 | Method=GET | Path=/metrics | Latency=2.08 ms | Status=200"}
{"asctime": "2026-02-17 11:22:01,378", "levelname": "INFO", "name": "inference", "message": "RequestID=2cfcb09b-675c-4a5b-9812-b13c46592225 | Method=GET | Path=/metrics | Latency=1.96 ms | Status=200"}
{"asctime": "2026-02-17 11:22:16,374", "levelname": "INFO", "name": "inference", "message": "RequestID=3d91b6de-b9d8-4800-a7f2-6023570790cc | Method=GET | Path=/metrics | Latency=2.22 ms | Status=200"}
{"asctime": "2026-02-17 11:22:31,375", "levelname": "INFO", "name": "inference", "message": "RequestID=e992308f-238d-40b9-b2f4-c88a690ddfe6 | Method=GET | Path=/metrics | Latency=2.51 ms | Status=200"}
{"asctime": "2026-02-17 11:22:46,374", "levelname": "INFO", "name": "inference", "message": "RequestID=12f26da8-d408-4b4d-b626-a22a9ec47fb0 | Method=GET | Path=/metrics | Latency=2.30 ms | Status=200"}
{"asctime": "2026-02-17 11:23:01,374", "levelname": "INFO", "name": "inference", "message": "RequestID=67cd09e9-20bb-441a-9691-bb2ad0a1f414 | Method=GET | Path=/metrics | Latency=2.01 ms | Status=200"}
{"asctime": "2026-02-17 11:23:16,374", "levelname": "INFO", "name": "inference", "message": "RequestID=1586d2a7-d629-4710-87bd-1f8f08908161 | Method=GET | Path=/metrics | Latency=1.95 ms | Status=200"}
{"asctime": "2026-02-17 11:23:31,373", "levelname": "INFO", "name": "inference", "message": "RequestID=28aabaa5-b70d-4b0e-8c99-cd210e06e9c5 | Method=GET | Path=/metrics | Latency=2.46 ms | Status=200"}
{"asctime": "2026-02-17 11:23:46,378", "levelname": "INFO", "name": "inference", "message": "RequestID=7c17daa7-0bbf-4da1-8b5d-48190f54c1ea | Method=GET | Path=/metrics | Latency=1.97 ms | Status=200"}
{"asctime": "2026-02-17 11:24:01,372", "levelname": "INFO", "name": "inference", "message": "RequestID=adc5ca86-04b7-406b-a943-587b9d7ef9fc | Method=GET | Path=/metrics | Latency=2.17 ms | Status=200"}
{"asctime": "2026-02-17 11:24:16,373", "levelname": "INFO", "name": "inference", "message": "RequestID=717d430d-ee4d-448b-813e-2c883203d3d1 | Method=GET | Path=/metrics | Latency=2.10 ms | Status=200"}
{"asctime": "2026-02-17 11:24:31,375", "levelname": "INFO", "name": "inference", "message": "RequestID=66596d16-3879-415c-866e-f9267ce1c769 | Method=GET | Path=/metrics | Latency=2.48 ms | Status=200"}
{"asctime": "2026-02-17 11:24:46,385", "levelname": "INFO", "name": "inference", "message": "RequestID=7c39f564-5cbe-4c08-a55e-dfe7edaa9484 | Method=GET | Path=/metrics | Latency=3.21 ms | Status=200"}
{"asctime": "2026-02-17 11:25:01,379", "levelname": "INFO", "name": "inference", "message": "RequestID=43fbd4f8-ccca-4f47-a092-69c6ad7ebd1f | Method=GET | Path=/metrics | Latency=2.52 ms | Status=200"}
{"asctime": "2026-02-17 11:25:16,374", "levelname": "INFO", "name": "inference", "message": "RequestID=43714f26-7d49-481d-a724-847a4b487892 | Method=GET | Path=/metrics | Latency=2.68 ms | Status=200"}
{"asctime": "2026-02-17 11:25:31,383", "levelname": "INFO", "name": "inference", "message": "RequestID=8f60f646-2a85-49bb-81de-13e5f7d0448c | Method=GET | Path=/metrics | Latency=4.39 ms | Status=200"}
{"asctime": "2026-02-17 11:25:46,389", "levelname": "INFO", "name": "inference", "message": "RequestID=e013825d-3e7d-4e82-992d-4af8bcda4e49 | Method=GET | Path=/metrics | Latency=5.96 ms | Status=200"}
{"asctime": "2026-02-17 11:26:01,377", "levelname": "INFO", "name": "inference", "message": "RequestID=c6bac447-cc55-460b-ae0c-361c3d5e6eca | Method=GET | Path=/metrics | Latency=3.79 ms | Status=200"}
{"asctime": "2026-02-17 11:26:16,375", "levelname": "INFO", "name": "inference", "message": "RequestID=c47c273a-d9c8-45c6-8e82-2e30f58e5614 | Method=GET | Path=/metrics | Latency=4.20 ms | Status=200"}
{"asctime": "2026-02-17 11:26:31,372", "levelname": "INFO", "name": "inference", "message": "RequestID=94a64815-2607-463f-8591-db1e447ee771 | Method=GET | Path=/metrics | Latency=2.05 ms | Status=200"}
{"asctime": "2026-02-17 11:26:46,381", "levelname": "INFO", "name": "inference", "message": "RequestID=bdb06f95-2e85-4f62-9cc0-9ae083cc97d8 | Method=GET | Path=/metrics | Latency=2.07 ms | Status=200"}
{"asctime": "2026-02-17 11:27:01,371", "levelname": "INFO", "name": "inference", "message": "RequestID=9daf977f-b85f-458a-ab0f-ae080b4e7352 | Method=GET | Path=/metrics | Latency=1.94 ms | Status=200"}
{"asctime": "2026-02-17 11:27:16,372", "levelname": "INFO", "name": "inference", "message": "RequestID=046eca5e-0ff2-44f5-98b8-2a97213331e5 | Method=GET | Path=/metrics | Latency=2.20 ms | Status=200"}
{"asctime": "2026-02-17 11:27:31,383", "levelname": "INFO", "name": "inference", "message": "RequestID=034458ce-5b55-4259-a722-1d99d028d220 | Method=GET | Path=/metrics | Latency=6.04 ms | Status=200"}
{"asctime": "2026-02-17 11:27:46,379", "levelname": "INFO", "name": "inference", "message": "RequestID=2149602a-8e3f-4e7b-80e6-cc7efabce026 | Method=GET | Path=/metrics | Latency=4.10 ms | Status=200"}
{"asctime": "2026-02-17 11:28:01,373", "levelname": "INFO", "name": "inference", "message": "RequestID=583f6a4c-1598-4456-8368-a894d9a46579 | Method=GET | Path=/metrics | Latency=2.48 ms | Status=200"}
{"asctime": "2026-02-17 11:28:16,372", "levelname": "INFO", "name": "inference", "message": "RequestID=9dd2db48-2fbd-4a02-bb0a-188b59581942 | Method=GET | Path=/metrics | Latency=1.93 ms | Status=200"}
{"asctime": "2026-02-17 11:28:31,376", "levelname": "INFO", "name": "inference", "message": "RequestID=5a57c7e1-5a7b-4e19-9ff5-486e8f06cc9d | Method=GET | Path=/metrics | Latency=3.89 ms | Status=200"}
{"asctime": "2026-02-17 11:28:46,373", "levelname": "INFO", "name": "inference", "message": "RequestID=17ee58b5-0588-464a-bf79-c0708004642e | Method=GET | Path=/metrics | Latency=2.45 ms | Status=200"}
{"asctime": "2026-02-17 11:29:01,372", "levelname": "INFO", "name": "inference", "message": "RequestID=c3f052cc-d606-429f-b752-12e74e15a2ee | Method=GET | Path=/metrics | Latency=2.14 ms | Status=200"}
{"asctime": "2026-02-17 11:29:16,375", "levelname": "INFO", "name": "inference", "message": "RequestID=7453af42-2245-40b4-bf9a-7a38665fcfdf | Method=GET | Path=/metrics | Latency=3.42 ms | Status=200"}
{"asctime": "2026-02-17 11:29:31,373", "levelname": "INFO", "name": "inference", "message": "RequestID=68892544-4838-4afa-8c8c-a57a22f1675f | Method=GET | Path=/metrics | Latency=2.48 ms | Status=200"}
{"asctime": "2026-02-17 11:29:46,381", "levelname": "INFO", "name": "inference", "message": "RequestID=12c196b8-0b44-451a-a7d4-4dc9faf1c029 | Method=GET | Path=/metrics | Latency=6.18 ms | Status=200"}
{"asctime": "2026-02-17 11:30:01,380", "levelname": "INFO", "name": "inference", "message": "RequestID=08183b87-9e5a-44b9-a84d-6689b8f67e97 | Method=GET | Path=/metrics | Latency=2.14 ms | Status=200"}
{"asctime": "2026-02-17 11:30:16,374", "levelname": "INFO", "name": "inference", "message": "RequestID=2d751f13-876c-435d-ba27-2c2f323dcbf5 | Method=GET | Path=/metrics | Latency=2.45 ms | Status=200"}
{"asctime": "2026-02-17 11:30:31,377", "levelname": "INFO", "name": "inference", "message": "RequestID=ad245e1a-7d93-4411-931a-caf02bdb8fae | Method=GET | Path=/metrics | Latency=3.86 ms | Status=200"}
{"asctime": "2026-02-17 11:30:46,373", "levelname": "INFO", "name": "inference", "message": "RequestID=522c91d2-1a25-4b88-9bfd-8c92efea2237 | Method=GET | Path=/metrics | Latency=2.07 ms | Status=200"}
{"asctime": "2026-02-17 11:31:01,378", "levelname": "INFO", "name": "inference", "message": "RequestID=ce669cca-d38a-4046-92d1-47bc6e5b606b | Method=GET | Path=/metrics | Latency=2.23 ms | Status=200"}
{"asctime": "2026-02-17 11:31:16,374", "levelname": "INFO", "name": "inference", "message": "RequestID=96ddb1aa-2dec-4590-9ce8-53b05865d635 | Method=GET | Path=/metrics | Latency=2.61 ms | Status=200"}
{"asctime": "2026-02-17 11:31:31,378", "levelname": "INFO", "name": "inference", "message": "RequestID=0626572d-2707-4810-939a-36afa4c1d933 | Method=GET | Path=/metrics | Latency=2.84 ms | Status=200"}
{"asctime": "2026-02-17 11:31:46,378", "levelname": "INFO", "name": "inference", "message": "RequestID=8d11b5a8-d12c-403e-8719-371c8503458e | Method=GET | Path=/metrics | Latency=1.89 ms | Status=200"}
{"asctime": "2026-02-17 11:32:01,373", "levelname": "INFO", "name": "inference", "message": "RequestID=69433a63-45a2-4099-aec2-48c530066332 | Method=GET | Path=/metrics | Latency=1.94 ms | Status=200"}
{"asctime": "2026-02-17 11:32:16,379", "levelname": "INFO", "name": "inference", "message": "RequestID=20d41294-4ce6-4557-a099-cb5b6b393a2a | Method=GET | Path=/metrics | Latency=4.20 ms | Status=200"}
{"asctime": "2026-02-17 11:32:31,383", "levelname": "INFO", "name": "inference", "message": "RequestID=83b54ae0-e887-4e2b-9820-7ffbc43b3dbd | Method=GET | Path=/metrics | Latency=4.82 ms | Status=200"}
{"asctime": "2026-02-17 11:32:46,383", "levelname": "INFO", "name": "inference", "message": "RequestID=eb3409e6-1b7f-4d13-8420-52506d24b60d | Method=GET | Path=/metrics | Latency=3.67 ms | Status=200"}
{"asctime": "2026-02-17 11:33:01,375", "levelname": "INFO", "name": "inference", "message": "RequestID=a0d911e8-dc0c-49ef-aff6-1471df0ded4b | Method=GET | Path=/metrics | Latency=2.54 ms | Status=200"}
{"asctime": "2026-02-17 11:33:16,373", "levelname": "INFO", "name": "inference", "message": "RequestID=2cc3cbab-91c5-46cf-86f1-8de36305c198 | Method=GET | Path=/metrics | Latency=2.42 ms | Status=200"}
{"asctime": "2026-02-17 11:33:31,385", "levelname": "INFO", "name": "inference", "message": "RequestID=6b372cb6-ae8b-4716-9c73-4d2ac3d2b17c | Method=GET | Path=/metrics | Latency=4.24 ms | Status=200"}
{"asctime": "2026-02-17 11:33:46,377", "levelname": "INFO", "name": "inference", "message": "RequestID=fb7534fd-cf2c-43fb-b738-e1ae13aeb1bc | Method=GET | Path=/metrics | Latency=2.34 ms | Status=200"}
{"asctime": "2026-02-17 11:34:01,394", "levelname": "INFO", "name": "inference", "message": "RequestID=6d64b520-e63a-4705-bfc7-78a4f1301c4e | Method=GET | Path=/metrics | Latency=1.96 ms | Status=200"}
{"asctime": "2026-02-17 11:34:16,386", "levelname": "INFO", "name": "inference", "message": "RequestID=02c37563-34ad-4a29-853b-32b6b1abe52f | Method=GET | Path=/metrics | Latency=2.19 ms | Status=200"}
{"asctime": "2026-02-17 11:34:31,381", "levelname": "INFO", "name": "inference", "message": "RequestID=32d93b2e-45a3-453e-a5c8-818a12156651 | Method=GET | Path=/metrics | Latency=2.99 ms | Status=200"}
{"asctime": "2026-02-17 11:34:46,381", "levelname": "INFO", "name": "inference", "message": "RequestID=8b7c37eb-ad76-48ba-8d53-e494123c0bfc | Method=GET | Path=/metrics | Latency=3.01 ms | Status=200"}
{"asctime": "2026-02-17 11:35:01,379", "levelname": "INFO", "name": "inference", "message": "RequestID=d06aea24-9896-4f20-af78-2d6e174cbe4e | Method=GET | Path=/metrics | Latency=3.58 ms | Status=200"}
{"asctime": "2026-02-17 11:35:16,379", "levelname": "INFO", "name": "inference", "message": "RequestID=80f4f666-1f01-4ae9-a988-f63faeccee33 | Method=GET | Path=/metrics | Latency=3.13 ms | Status=200"}
{"asctime": "2026-02-17 11:35:31,379", "levelname": "INFO", "name": "inference", "message": "RequestID=25d4520f-6b98-4b17-bc14-307b3cbdb477 | Method=GET | Path=/metrics | Latency=4.09 ms | Status=200"}
{"asctime": "2026-02-17 11:35:46,387", "levelname": "INFO", "name": "inference", "message": "RequestID=81215861-a0d3-4d0c-8362-5c7b6e253760 | Method=GET | Path=/metrics | Latency=7.97 ms | Status=200"}
{"asctime": "2026-02-17 11:36:01,379", "levelname": "INFO", "name": "inference", "message": "RequestID=9c57b009-57f5-443f-9a2d-6aec32f394f4 | Method=GET | Path=/metrics | Latency=6.42 ms | Status=200"}
{"asctime": "2026-02-17 11:36:16,378", "levelname": "INFO", "name": "inference", "message": "RequestID=f2a753b2-20fd-4d4c-a983-55c2e075efdc | Method=GET | Path=/metrics | Latency=2.26 ms | Status=200"}
{"asctime": "2026-02-17 11:36:31,374", "levelname": "INFO", "name": "inference", "message": "RequestID=3cff80ef-a0bc-44cd-84d8-40e66edbe58b | Method=GET | Path=/metrics | Latency=2.30 ms | Status=200"}
{"asctime": "2026-02-17 11:36:46,372", "levelname": "INFO", "name": "inference", "message": "RequestID=d02922ae-7840-4b24-b9d0-1d7bf3ca0b1d | Method=GET | Path=/metrics | Latency=2.38 ms | Status=200"}
{"asctime": "2026-02-17 11:37:01,373", "levelname": "INFO", "name": "inference", "message": "RequestID=d5e3e975-271f-47c5-9030-842d1aa22218 | Method=GET | Path=/metrics | Latency=2.41 ms | Status=200"}
{"asctime": "2026-02-17 11:37:16,414", "levelname": "INFO", "name": "inference", "message": "RequestID=8512d1f5-41fa-41c5-b630-091511b28ad6 | Method=GET | Path=/metrics | Latency=6.40 ms | Status=200"}
{"asctime": "2026-02-17 11:37:31,373", "levelname": "INFO", "name": "inference", "message": "RequestID=a7c5099a-ff5c-49b1-adec-9c175c398b21 | Method=GET | Path=/metrics | Latency=2.13 ms | Status=200"}
{"asctime": "2026-02-17 11:37:46,377", "levelname": "INFO", "name": "inference", "message": "RequestID=8c5d5186-3bb3-43e2-9a02-c673fec4923c | Method=GET | Path=/metrics | Latency=2.20 ms | Status=200"}
{"asctime": "2026-02-17 11:38:01,373", "levelname": "INFO", "name": "inference", "message": "RequestID=e6db1080-b0f3-4d02-acf4-681c74a71c9c | Method=GET | Path=/metrics | Latency=2.27 ms | Status=200"}
{"asctime": "2026-02-17 11:38:16,381", "levelname": "INFO", "name": "inference", "message": "RequestID=3c1f5086-e865-4e87-8623-744699b46c4b | Method=GET | Path=/metrics | Latency=3.25 ms | Status=200"}
{"asctime": "2026-02-17 11:38:31,381", "levelname": "INFO", "name": "inference", "message": "RequestID=c5d3c935-eb16-4a27-a6b0-875a5deadb68 | Method=GET | Path=/metrics | Latency=2.11 ms | Status=200"}
{"asctime": "2026-02-17 11:38:46,375", "levelname": "INFO", "name": "inference", "message": "RequestID=5eaef48e-c54a-4e41-adae-fd04e6ce71d1 | Method=GET | Path=/metrics | Latency=2.77 ms | Status=200"}
{"asctime": "2026-02-17 11:39:01,372", "levelname": "INFO", "name": "inference", "message": "RequestID=f2188c73-959f-494f-b73b-8d2a5e435fd3 | Method=GET | Path=/metrics | Latency=2.53 ms | Status=200"}
{"asctime": "2026-02-17 11:39:16,373", "levelname": "INFO", "name": "inference", "message": "RequestID=77fea505-1099-43ac-b956-55bd314cb373 | Method=GET | Path=/metrics | Latency=2.44 ms | Status=200"}
{"asctime": "2026-02-17 11:39:31,372", "levelname": "INFO", "name": "inference", "message": "RequestID=ed15fb85-1e6c-4a0d-913b-71e28437f8a3 | Method=GET | Path=/metrics | Latency=2.58 ms | Status=200"}
{"asctime": "2026-02-17 11:39:46,380", "levelname": "INFO", "name": "inference", "message": "RequestID=77ce93ed-b7f9-487c-bc41-7ecebfade0b1 | Method=GET | Path=/metrics | Latency=7.60 ms | Status=200"}
{"asctime": "2026-02-17 11:40:01,375", "levelname": "INFO", "name": "inference", "message": "RequestID=b2a27ae3-bec6-4f1a-99ae-10dfa67c071e | Method=GET | Path=/metrics | Latency=2.34 ms | Status=200"}
{"asctime": "2026-02-17 11:40:16,379", "levelname": "INFO", "name": "inference", "message": "RequestID=21b98a65-8825-4afe-8936-5979e5099a3a | Method=GET | Path=/metrics | Latency=3.18 ms | Status=200"}
{"asctime": "2026-02-17 11:40:31,376", "levelname": "INFO", "name": "inference", "message": "RequestID=ff9fbc99-5537-4802-a135-b1539dda9b77 | Method=GET | Path=/metrics | Latency=2.31 ms | Status=200"}
{"asctime": "2026-02-17 11:40:46,375", "levelname": "INFO", "name": "inference", "message": "RequestID=ea95eb4b-ed3a-4d5a-b672-80572d5476e5 | Method=GET | Path=/metrics | Latency=1.89 ms | Status=200"}
{"asctime": "2026-02-17 11:41:01,420", "levelname": "INFO", "name": "inference", "message": "RequestID=07f9bf23-4b54-4fcd-9c2a-41d2f289c4d1 | Method=GET | Path=/metrics | Latency=4.82 ms | Status=200"}
{"asctime": "2026-02-17 11:41:16,371", "levelname": "INFO", "name": "inference", "message": "RequestID=cd4737f6-c834-4b13-958e-db429e322708 | Method=GET | Path=/metrics | Latency=2.06 ms | Status=200"}
{"asctime": "2026-02-17 11:41:31,373", "levelname": "INFO", "name": "inference", "message": "RequestID=af57c987-d1a0-4f3c-8e0e-5578ffe31ee7 | Method=GET | Path=/metrics | Latency=2.72 ms | Status=200"}
{"asctime": "2026-02-17 11:41:46,384", "levelname": "INFO", "name": "inference", "message": "RequestID=a146c857-c90a-4be7-8ac8-ee6ec88ac874 | Method=GET | Path=/metrics | Latency=5.19 ms | Status=200"}
{"asctime": "2026-02-17 11:42:01,385", "levelname": "INFO", "name": "inference", "message": "RequestID=9e55d19e-8828-40de-8c75-3d224d3d67a5 | Method=GET | Path=/metrics | Latency=5.53 ms | Status=200"}
{"asctime": "2026-02-17 11:42:16,379", "levelname": "INFO", "name": "inference", "message": "RequestID=5344e97e-c0dd-4cdc-9b43-8b4ff5f37473 | Method=GET | Path=/metrics | Latency=2.12 ms | Status=200"}
{"asctime": "2026-02-17 11:42:31,377", "levelname": "INFO", "name": "inference", "message": "RequestID=0b4557dd-47a6-45a5-afab-21c0e7732aca | Method=GET | Path=/metrics | Latency=2.53 ms | Status=200"}
{"asctime": "2026-02-17 11:42:46,376", "levelname": "INFO", "name": "inference", "message": "RequestID=186f9ad8-8185-4b6a-ac4a-69181759eaf6 | Method=GET | Path=/metrics | Latency=2.41 ms | Status=200"}
{"asctime": "2026-02-17 11:43:01,383", "levelname": "INFO", "name": "inference", "message": "RequestID=26b950ba-e954-4dfa-afd0-e923066ff0c2 | Method=GET | Path=/metrics | Latency=5.08 ms | Status=200"}
{"asctime": "2026-02-17 11:43:16,372", "levelname": "INFO", "name": "inference", "message": "RequestID=04382ac9-ce48-4a28-94e3-1ce4f81b68fc | Method=GET | Path=/metrics | Latency=1.98 ms | Status=200"}
{"asctime": "2026-02-17 11:43:31,372", "levelname": "INFO", "name": "inference", "message": "RequestID=c90946ad-8dc8-421e-956c-b2af07d0824c | Method=GET | Path=/metrics | Latency=2.17 ms | Status=200"}
{"asctime": "2026-02-17 11:43:46,373", "levelname": "INFO", "name": "inference", "message": "RequestID=3fad676e-17a4-4e94-ac02-33ff0c878a7c | Method=GET | Path=/metrics | Latency=2.39 ms | Status=200"}
{"asctime": "2026-02-17 11:44:01,387", "levelname": "INFO", "name": "inference", "message": "RequestID=bcfd0936-27d7-4272-b48c-c9b4d70a47f4 | Method=GET | Path=/metrics | Latency=4.66 ms | Status=200"}
{"asctime": "2026-02-17 11:44:16,375", "levelname": "INFO", "name": "inference", "message": "RequestID=3f597626-a363-44b6-8fce-359d7740f645 | Method=GET | Path=/metrics | Latency=4.14 ms | Status=200"}
{"asctime": "2026-02-17 11:44:31,379", "levelname": "INFO", "name": "inference", "message": "RequestID=b9fe61a8-353d-4634-961f-e0440caf1be8 | Method=GET | Path=/metrics | Latency=3.86 ms | Status=200"}
{"asctime": "2026-02-17 11:44:46,376", "levelname": "INFO", "name": "inference", "message": "RequestID=72f22c1c-e005-4dcf-b47d-8aaf8df6c83d | Method=GET | Path=/metrics | Latency=2.78 ms | Status=200"}
{"asctime": "2026-02-17 11:45:01,372", "levelname": "INFO", "name": "inference", "message": "RequestID=86ae2c6f-7d86-4765-9be2-fcb25c7d7778 | Method=GET | Path=/metrics | Latency=2.20 ms | Status=200"}
{"asctime": "2026-02-17 11:45:16,383", "levelname": "INFO", "name": "inference", "message": "RequestID=ab8f0f90-be54-4c92-8829-9a7e7cb6cc45 | Method=GET | Path=/metrics | Latency=6.70 ms | Status=200"}
{"asctime": "2026-02-17 11:45:31,374", "levelname": "INFO", "name": "inference", "message": "RequestID=129559f6-43b1-4244-9449-ea6f654246d3 | Method=GET | Path=/metrics | Latency=2.30 ms | Status=200"}
{"asctime": "2026-02-17 11:45:46,372", "levelname": "INFO", "name": "inference", "message": "RequestID=7afb6bed-4e06-4008-94ec-6a0cf611b33e | Method=GET | Path=/metrics | Latency=2.25 ms | Status=200"}
{"asctime": "2026-02-17 11:46:01,375", "levelname": "INFO", "name": "inference", "message": "RequestID=4f4fb228-5af9-4668-aa01-7d9a7e05835c | Method=GET | Path=/metrics | Latency=1.99 ms | Status=200"}
{"asctime": "2026-02-17 11:46:16,384", "levelname": "INFO", "name": "inference", "message": "RequestID=ffd3f5ec-b6ab-4d1a-9d14-4a0124ca3e77 | Method=GET | Path=/metrics | Latency=5.22 ms | Status=200"}
{"asctime": "2026-02-17 11:46:31,373", "levelname": "INFO", "name": "inference", "message": "RequestID=febe21cc-fe43-4331-9c03-53e7db253fe9 | Method=GET | Path=/metrics | Latency=2.36 ms | Status=200"}
{"asctime": "2026-02-17 11:46:46,376", "levelname": "INFO", "name": "inference", "message": "RequestID=bbf2def4-4c49-4512-81e1-4f561df8f567 | Method=GET | Path=/metrics | Latency=1.97 ms | Status=200"}
{"asctime": "2026-02-17 11:47:01,374", "levelname": "INFO", "name": "inference", "message": "RequestID=0cf52690-fb96-437a-a5e3-08781548e0d7 | Method=GET | Path=/metrics | Latency=1.89 ms | Status=200"}
{"asctime": "2026-02-17 11:47:16,373", "levelname": "INFO", "name": "inference", "message": "RequestID=40aef8e1-6ad6-42d2-8f8c-06cc08175638 | Method=GET | Path=/metrics | Latency=2.04 ms | Status=200"}
{"asctime": "2026-02-17 11:47:31,375", "levelname": "INFO", "name": "inference", "message": "RequestID=bdb269a5-23e5-4957-940a-3706f689a6db | Method=GET | Path=/metrics | Latency=2.03 ms | Status=200"}
{"asctime": "2026-02-17 11:47:46,374", "levelname": "INFO", "name": "inference", "message": "RequestID=0a42d0da-e11b-478d-adac-c1e85d625f27 | Method=GET | Path=/metrics | Latency=2.39 ms | Status=200"}
{"asctime": "2026-02-17 11:48:01,370", "levelname": "INFO", "name": "inference", "message": "RequestID=368ee520-d6c5-4a45-a21f-0ab392b5b9ab | Method=GET | Path=/metrics | Latency=1.16 ms | Status=200"}
{"asctime": "2026-02-17 11:48:16,381", "levelname": "INFO", "name": "inference", "message": "RequestID=654e7d15-0a6b-4f64-8c8b-c75253a2d17a | Method=GET | Path=/metrics | Latency=2.12 ms | Status=200"}
{"asctime": "2026-02-17 11:48:31,382", "levelname": "INFO", "name": "inference", "message": "RequestID=ee6b7b61-453d-41b7-8bb8-6e556f36fd97 | Method=GET | Path=/metrics | Latency=2.47 ms | Status=200"}
{"asctime": "2026-02-17 11:48:46,373", "levelname": "INFO", "name": "inference", "message": "RequestID=59b5c560-6a93-400c-b328-d84ec94246ea | Method=GET | Path=/metrics | Latency=2.16 ms | Status=200"}
{"asctime": "2026-02-17 11:49:01,374", "levelname": "INFO", "name": "inference", "message": "RequestID=905e4fc5-b9af-4543-a65b-72dea1f52515 | Method=GET | Path=/metrics | Latency=2.91 ms | Status=200"}
{"asctime": "2026-02-17 11:49:16,382", "levelname": "INFO", "name": "inference", "message": "RequestID=2f9ab9c5-17ae-4411-be46-e08c8a1ce60c | Method=GET | Path=/metrics | Latency=3.06 ms | Status=200"}
{"asctime": "2026-02-17 11:49:31,370", "levelname": "INFO", "name": "inference", "message": "RequestID=72005e35-4ffe-445c-b116-2da8684931cb | Method=GET | Path=/metrics | Latency=1.94 ms | Status=200"}
{"asctime": "2026-02-17 11:49:46,372", "levelname": "INFO", "name": "inference", "message": "RequestID=9b94f9bb-c15b-4b60-bcf0-e3bf4ad78638 | Method=GET | Path=/metrics | Latency=2.19 ms | Status=200"}
{"asctime": "2026-02-17 11:50:01,373", "levelname": "INFO", "name": "inference", "message": "RequestID=158fc7f6-5371-4944-8e57-6c273dc6a217 | Method=GET | Path=/metrics | Latency=2.15 ms | Status=200"}
{"asctime": "2026-02-17 11:50:16,386", "levelname": "INFO", "name": "inference", "message": "RequestID=d0a254d0-e6f3-4cf8-8968-e7b81b41ee40 | Method=GET | Path=/metrics | Latency=2.66 ms | Status=200"}
{"asctime": "2026-02-17 11:50:31,376", "levelname": "INFO", "name": "inference", "message": "RequestID=29be3865-0b1d-4606-9bd0-24ae4dcdd174 | Method=GET | Path=/metrics | Latency=2.02 ms | Status=200"}
{"asctime": "2026-02-17 11:50:46,375", "levelname": "INFO", "name": "inference", "message": "RequestID=ac24e18b-18fc-40fb-bea8-8db776d026ab | Method=GET | Path=/metrics | Latency=2.08 ms | Status=200"}
{"asctime": "2026-02-17 11:51:01,380", "levelname": "INFO", "name": "inference", "message": "RequestID=a41c751c-ea44-4ec5-8e79-f6c5a68208fc | Method=GET | Path=/metrics | Latency=6.44 ms | Status=200"}
{"asctime": "2026-02-17 11:51:16,378", "levelname": "INFO", "name": "inference", "message": "RequestID=8b0004fc-9b43-4294-b734-fd89f6b8e7d6 | Method=GET | Path=/metrics | Latency=2.92 ms | Status=200"}
{"asctime": "2026-02-17 11:51:31,380", "levelname": "INFO", "name": "inference", "message": "RequestID=788aad02-5f5a-42da-a7db-4fa265d34f7a | Method=GET | Path=/metrics | Latency=4.32 ms | Status=200"}
{"asctime": "2026-02-17 11:51:46,375", "levelname": "INFO", "name": "inference", "message": "RequestID=4490a945-023f-454a-b956-d4407d8044d2 | Method=GET | Path=/metrics | Latency=3.60 ms | Status=200"}
{"asctime": "2026-02-17 11:52:01,375", "levelname": "INFO", "name": "inference", "message": "RequestID=7d37cfbc-4590-4f72-8c51-ce1abaf767bf | Method=GET | Path=/metrics | Latency=4.65 ms | Status=200"}
{"asctime": "2026-02-17 11:52:16,373", "levelname": "INFO", "name": "inference", "message": "RequestID=f0729774-db32-45b7-aa67-d04a066044be | Method=GET | Path=/metrics | Latency=2.47 ms | Status=200"}
{"asctime": "2026-02-17 11:52:31,381", "levelname": "INFO", "name": "inference", "message": "RequestID=cb5d60a5-3a58-42fb-8ec5-caa621c7e9e9 | Method=GET | Path=/metrics | Latency=8.16 ms | Status=200"}
{"asctime": "2026-02-17 11:52:46,376", "levelname": "INFO", "name": "inference", "message": "RequestID=421bc4f2-6b17-4cc0-b0f6-1e8123ece3f1 | Method=GET | Path=/metrics | Latency=2.98 ms | Status=200"}
{"asctime": "2026-02-17 11:53:01,380", "levelname": "INFO", "name": "inference", "message": "RequestID=fd9a5080-e7e2-4cb1-9b20-984bc946cc3c | Method=GET | Path=/metrics | Latency=2.59 ms | Status=200"}
{"asctime": "2026-02-17 11:53:16,374", "levelname": "INFO", "name": "inference", "message": "RequestID=ad2fc243-93b4-4977-8405-d2e479629159 | Method=GET | Path=/metrics | Latency=1.95 ms | Status=200"}
{"asctime": "2026-02-17 11:53:31,374", "levelname": "INFO", "name": "inference", "message": "RequestID=90d4ff0f-7ced-45d6-a8c8-f67a8c067afa | Method=GET | Path=/metrics | Latency=2.19 ms | Status=200"}
{"asctime": "2026-02-17 11:53:46,371", "levelname": "INFO", "name": "inference", "message": "RequestID=5055983c-7d1f-4250-8b47-91216ca317cd | Method=GET | Path=/metrics | Latency=1.21 ms | Status=200"}
{"asctime": "2026-02-17 12:01:54,948", "levelname": "INFO", "name": "inference", "message": "RequestID=3d128636-2bbb-43bf-8948-eda4fd042cbf | Method=GET | Path=/ | Latency=1.56 ms | Status=404"}
{"asctime": "2026-02-17 12:02:01,384", "levelname": "INFO", "name": "inference", "message": "RequestID=107b936f-37c4-4959-9419-0d7225a91ab5 | Method=GET | Path=/metrics | Latency=11.37 ms | Status=200"}
{"asctime": "2026-02-17 12:02:14,033", "levelname": "INFO", "name": "inference", "message": "RequestID=14d50716-66a3-438e-b316-ab4666c819a4 | Method=GET | Path=/docs | Latency=0.36 ms | Status=200"}
{"asctime": "2026-02-17 12:02:14,155", "levelname": "INFO", "name": "inference", "message": "RequestID=6dcb829f-8c97-4492-8014-df540de4ddbc | Method=GET | Path=/openapi.json | Latency=40.58 ms | Status=200"}
{"asctime": "2026-02-17 12:02:16,377", "levelname": "INFO", "name": "inference", "message": "RequestID=9d1d4f76-ae0d-4966-b6cd-044e60ed51a6 | Method=GET | Path=/metrics | Latency=1.03 ms | Status=200"}
{"asctime": "2026-02-17 12:02:31,376", "levelname": "INFO", "name": "inference", "message": "RequestID=5c1d0377-9e40-42bd-8a5d-c113c6caf5b6 | Method=GET | Path=/metrics | Latency=2.72 ms | Status=200"}
{"asctime": "2026-02-17 12:02:46,371", "levelname": "INFO", "name": "inference", "message": "RequestID=e350969d-930b-4232-9234-cacfe2ca01e7 | Method=GET | Path=/metrics | Latency=0.98 ms | Status=200"}
{"asctime": "2026-02-17 12:03:01,385", "levelname": "INFO", "name": "inference", "message": "RequestID=66ff887a-e7c9-4192-8d13-971b01f1eafe | Method=GET | Path=/metrics | Latency=3.83 ms | Status=200"}
{"asctime": "2026-02-17 12:03:16,376", "levelname": "INFO", "name": "inference", "message": "RequestID=d98368c4-ba45-48b2-a713-52ba6f0b8f04 | Method=GET | Path=/metrics | Latency=1.00 ms | Status=200"}
{"asctime": "2026-02-17 12:03:31,370", "levelname": "INFO", "name": "inference", "message": "RequestID=fa07fa0d-28d2-40b0-bf6f-c219f1ab2c5b | Method=GET | Path=/metrics | Latency=0.87 ms | Status=200"}
{"asctime": "2026-02-17 12:03:46,370", "levelname": "INFO", "name": "inference", "message": "RequestID=157f6c9f-7c4c-4d28-87c7-0d181686d5be | Method=GET | Path=/metrics | Latency=1.43 ms | Status=200"}
{"asctime": "2026-02-17 12:04:01,372", "levelname": "INFO", "name": "inference", "message": "RequestID=1d752a53-5945-4012-8f10-011c281f78ad | Method=GET | Path=/metrics | Latency=0.81 ms | Status=200"}
{"asctime": "2026-02-17 12:04:16,369", "levelname": "INFO", "name": "inference", "message": "RequestID=735fb5ef-d134-4f1f-92af-d177abead804 | Method=GET | Path=/metrics | Latency=0.92 ms | Status=200"}
{"asctime": "2026-02-17 12:04:31,371", "levelname": "INFO", "name": "inference", "message": "RequestID=9ec2153e-5a1a-4d19-98ec-d14620f4f804 | Method=GET | Path=/metrics | Latency=1.27 ms | Status=200"}
{"asctime": "2026-02-17 12:04:46,370", "levelname": "INFO", "name": "inference", "message": "RequestID=aac7f11e-0224-495d-b9fb-ffa5f4425f0a | Method=GET | Path=/metrics | Latency=0.89 ms | Status=200"}
{"asctime": "2026-02-17 12:05:01,370", "levelname": "INFO", "name": "inference", "message": "RequestID=bd51618a-300a-4925-84f4-7c430478425f | Method=GET | Path=/metrics | Latency=0.73 ms | Status=200"}
{"asctime": "2026-02-17 12:05:16,379", "levelname": "INFO", "name": "inference", "message": "RequestID=9cafacf9-9cd7-47e4-9800-2ba4f09f736b | Method=GET | Path=/metrics | Latency=1.36 ms | Status=200"}
{"asctime": "2026-02-17 12:05:31,375", "levelname": "INFO", "name": "inference", "message": "RequestID=db1953a7-702f-4ce2-bc65-7d1ae1dc7215 | Method=GET | Path=/metrics | Latency=0.88 ms | Status=200"}
{"asctime": "2026-02-17 12:05:46,371", "levelname": "INFO", "name": "inference", "message": "RequestID=6a4c4287-c659-48d1-907e-ba01af4d9804 | Method=GET | Path=/metrics | Latency=0.75 ms | Status=200"}
{"asctime": "2026-02-17 12:06:01,387", "levelname": "INFO", "name": "inference", "message": "RequestID=ced57a9e-f5f7-418e-96d5-0d65315f9f4b | Method=GET | Path=/metrics | Latency=1.08 ms | Status=200"}
{"asctime": "2026-02-17 12:06:16,369", "levelname": "INFO", "name": "inference", "message": "RequestID=63bae39e-4b71-49d8-8f02-e7af16902f51 | Method=GET | Path=/metrics | Latency=0.87 ms | Status=200"}
{"asctime": "2026-02-17 12:06:31,397", "levelname": "INFO", "name": "inference", "message": "RequestID=ff8daa90-bfbf-4f74-9708-8a60f20060b4 | Method=GET | Path=/metrics | Latency=1.77 ms | Status=200"}
{"asctime": "2026-02-17 12:06:46,379", "levelname": "INFO", "name": "inference", "message": "RequestID=9d60b07e-8b28-4f18-81ce-824fc0229007 | Method=GET | Path=/metrics | Latency=1.20 ms | Status=200"}
{"asctime": "2026-02-17 12:07:01,371", "levelname": "INFO", "name": "inference", "message": "RequestID=77bebcfb-9fc2-4c50-9dbb-9907b58a18e8 | Method=GET | Path=/metrics | Latency=1.01 ms | Status=200"}
{"asctime": "2026-02-17 12:07:16,396", "levelname": "INFO", "name": "inference", "message": "RequestID=cb62abde-5532-4666-9bdb-2aa5d547ae28 | Method=GET | Path=/metrics | Latency=1.12 ms | Status=200"}
{"asctime": "2026-02-17 12:07:31,377", "levelname": "INFO", "name": "inference", "message": "RequestID=43a74d7f-84a1-4dfd-88ba-204323894dbc | Method=GET | Path=/metrics | Latency=1.02 ms | Status=200"}
{"asctime": "2026-02-17 12:07:46,376", "levelname": "INFO", "name": "inference", "message": "RequestID=17a7d8c6-ee1d-4d95-adc7-2c5ac7edf7ee | Method=GET | Path=/metrics | Latency=0.99 ms | Status=200"}
{"asctime": "2026-02-17 12:08:01,372", "levelname": "INFO", "name": "inference", "message": "RequestID=8cdb2cb8-9adb-4275-a844-6cc546d76ebc | Method=GET | Path=/metrics | Latency=1.29 ms | Status=200"}
{"asctime": "2026-02-17 12:08:16,390", "levelname": "INFO", "name": "inference", "message": "RequestID=9fe57914-8fc6-4c89-b17e-6a093bde8b47 | Method=GET | Path=/metrics | Latency=1.73 ms | Status=200"}
{"asctime": "2026-02-17 12:11:03,208", "levelname": "INFO", "name": "inference", "message": "RequestID=d30da063-63d9-4745-bf56-23a0cfb8cb6a | Method=GET | Path=/ | Latency=1.27 ms | Status=404"}
{"asctime": "2026-02-17 12:11:06,692", "levelname": "INFO", "name": "inference", "message": "RequestID=988affa6-ecb5-4fd8-960d-ddb6cbbba680 | Method=GET | Path=/docs | Latency=0.37 ms | Status=200"}
{"asctime": "2026-02-17 12:11:06,798", "levelname": "INFO", "name": "inference", "message": "RequestID=51bd92cd-0190-4f27-9e8f-7127e441b21f | Method=GET | Path=/openapi.json | Latency=41.69 ms | Status=200"}
{"asctime": "2026-02-17 12:11:16,388", "levelname": "INFO", "name": "inference", "message": "RequestID=f8fb55db-44f8-4f9d-92cf-046018064cc3 | Method=GET | Path=/metrics | Latency=6.51 ms | Status=200"}
{"asctime": "2026-02-17 12:11:16,498", "levelname": "INFO", "name": "inference", "message": "inference_event", "region": "jakarta_pusat", "model_version": "v1", "request_id": "65acd9d5-0349-4216-b6dc-19b16cb1f82f", "predicted_price": 1289223.52}
{"asctime": "2026-02-17 12:11:16,500", "levelname": "INFO", "name": "inference", "message": "RequestID=65acd9d5-0349-4216-b6dc-19b16cb1f82f | Method=POST | Path=/predict/jakarta_pusat | Latency=169.95 ms | Status=200"}
{"asctime": "2026-02-17 12:11:29,477", "levelname": "INFO", "name": "inference", "message": "RequestID=5760c7be-de28-4e1e-83c9-cbf00112a150 | Method=GET | Path=/prometheus-metrics | Latency=2.59 ms | Status=200"}
{"asctime": "2026-02-17 12:11:31,374", "levelname": "INFO", "name": "inference", "message": "RequestID=58405550-3bd5-4fad-b122-74c14a5c1ea9 | Method=GET | Path=/metrics | Latency=0.74 ms | Status=200"}
{"asctime": "2026-02-17 12:11:46,372", "levelname": "INFO", "name": "inference", "message": "RequestID=ed9be202-34f8-41b6-b4c0-dd55a8713e44 | Method=GET | Path=/metrics | Latency=0.83 ms | Status=200"}
{"asctime": "2026-02-17 12:11:47,834", "levelname": "INFO", "name": "inference", "message": "RequestID=e0b76f5a-cfd1-4073-b064-9792d7f6e7de | Method=GET | Path=/metrics | Latency=1.00 ms | Status=200"}
{"asctime": "2026-02-17 12:12:01,369", "levelname": "INFO", "name": "inference", "message": "RequestID=0fdc640e-e88b-4067-9abc-ba83e22d9024 | Method=GET | Path=/metrics | Latency=1.10 ms | Status=200"}
{"asctime": "2026-02-17 12:12:16,370", "levelname": "INFO", "name": "inference", "message": "RequestID=367e3b53-c1de-43ad-9a0c-14ca9bd0e316 | Method=GET | Path=/metrics | Latency=1.17 ms | Status=200"}
{"asctime": "2026-02-17 12:12:31,368", "levelname": "INFO", "name": "inference", "message": "RequestID=8466f7b0-8d89-4e49-8183-d873b503073c | Method=GET | Path=/metrics | Latency=0.80 ms | Status=200"}
{"asctime": "2026-02-17 12:12:46,372", "levelname": "INFO", "name": "inference", "message": "RequestID=58be5b18-3b1f-4cde-9801-543664dbb326 | Method=GET | Path=/metrics | Latency=1.05 ms | Status=200"}
{"asctime": "2026-02-17 12:14:31,377", "levelname": "INFO", "name": "inference", "message": "RequestID=9025c54a-1754-4ed7-976b-d3e162467189 | Method=GET | Path=/metrics | Latency=0.78 ms | Status=200"}
{"asctime": "2026-02-17 12:14:43,876", "levelname": "INFO", "name": "inference", "message": "inference_event", "region": "yogyakarta", "model_version": "v1", "request_id": "10bb22b4-db46-4b84-a2ae-ab7ac0087942", "predicted_price": 683110.14}
{"asctime": "2026-02-17 12:14:43,878", "levelname": "INFO", "name": "inference", "message": "RequestID=10bb22b4-db46-4b84-a2ae-ab7ac0087942 | Method=POST | Path=/predict/yogyakarta | Latency=42.52 ms | Status=200"}
{"asctime": "2026-02-17 12:14:46,370", "levelname": "INFO", "name": "inference", "message": "RequestID=b5bb8b22-d02d-470a-8c05-7fbf0de9d6ee | Method=GET | Path=/metrics | Latency=0.79 ms | Status=200"}
{"asctime": "2026-02-17 12:15:01,375", "levelname": "INFO", "name": "inference", "message": "RequestID=cfa9de34-82e2-45ef-a278-589a788c60e1 | Method=GET | Path=/metrics | Latency=0.88 ms | Status=200"}
{"asctime": "2026-02-17 12:15:16,375", "levelname": "INFO", "name": "inference", "message": "RequestID=3c3f6dc7-d108-4091-8e1f-51ad32b1b3c6 | Method=GET | Path=/metrics | Latency=1.19 ms | Status=200"}
{"asctime": "2026-02-17 12:15:29,333", "levelname": "INFO", "name": "inference", "message": "RequestID=30dcc0bf-2cbf-4f06-a798-f0722bbc4117 | Method=GET | Path=/prometheus-metrics | Latency=2.36 ms | Status=200"}
{"asctime": "2026-02-17 12:15:31,378", "levelname": "INFO", "name": "inference", "message": "RequestID=de9bab74-f8a9-466a-a934-564639b2c950 | Method=GET | Path=/metrics | Latency=0.78 ms | Status=200"}
{"asctime": "2026-02-17 12:15:46,369", "levelname": "INFO", "name": "inference", "message": "RequestID=f3773a38-620f-457a-aee4-02cb720d750b | Method=GET | Path=/metrics | Latency=0.86 ms | Status=200"}
{"asctime": "2026-02-17 12:16:01,383", "levelname": "INFO", "name": "inference", "message": "RequestID=38df354f-078c-40df-8636-9009a7d6a5cd | Method=GET | Path=/metrics | Latency=0.88 ms | Status=200"}
{"asctime": "2026-02-17 12:16:16,383", "levelname": "INFO", "name": "inference", "message": "RequestID=2165c709-cc1f-41de-b134-6487c41797c7 | Method=GET | Path=/metrics | Latency=1.83 ms | Status=200"}
{"asctime": "2026-02-17 12:16:31,377", "levelname": "INFO", "name": "inference", "message": "RequestID=d8ca24e8-1f08-4666-836b-aa34d4adfec6 | Method=GET | Path=/metrics | Latency=0.76 ms | Status=200"}
{"asctime": "2026-02-17 12:16:46,377", "levelname": "INFO", "name": "inference", "message": "RequestID=7b3353eb-5c60-46d3-a277-e172cdff845f | Method=GET | Path=/metrics | Latency=1.00 ms | Status=200"}
{"asctime": "2026-02-17 12:17:01,376", "levelname": "INFO", "name": "inference", "message": "RequestID=cb66cb5b-0b69-4083-ad98-acf3c5412de2 | Method=GET | Path=/metrics | Latency=1.58 ms | Status=200"}
{"asctime": "2026-02-17 12:17:16,386", "levelname": "INFO", "name": "inference", "message": "RequestID=88e3b769-88ea-4b54-84ad-d0f77b0a1d42 | Method=GET | Path=/metrics | Latency=2.32 ms | Status=200"}
{"asctime": "2026-02-17 12:17:31,372", "levelname": "INFO", "name": "inference", "message": "RequestID=840916d0-1527-4356-bf02-a38caafbd56e | Method=GET | Path=/metrics | Latency=0.82 ms | Status=200"}
{"asctime": "2026-02-17 12:17:46,373", "levelname": "INFO", "name": "inference", "message": "RequestID=d538b24a-5c5b-490d-8a36-cb486d01c44e | Method=GET | Path=/metrics | Latency=2.02 ms | Status=200"}
{"asctime": "2026-02-17 12:18:01,371", "levelname": "INFO", "name": "inference", "message": "RequestID=0791f0f9-e883-4f0f-980f-7b498577e624 | Method=GET | Path=/metrics | Latency=1.21 ms | Status=200"}
{"asctime": "2026-02-17 12:18:16,372", "levelname": "INFO", "name": "inference", "message": "RequestID=656337c0-cb62-4a2f-b10b-c802a6665817 | Method=GET | Path=/metrics | Latency=0.79 ms | Status=200"}
{"asctime": "2026-02-17 12:18:31,373", "levelname": "INFO", "name": "inference", "message": "RequestID=3aa008a6-017c-4f6e-9e76-e641c0fa5c77 | Method=GET | Path=/metrics | Latency=0.84 ms | Status=200"}
{"asctime": "2026-02-17 12:18:46,383", "levelname": "INFO", "name": "inference", "message": "RequestID=97ee1487-5fff-44ac-8012-c8947bc244ca | Method=GET | Path=/metrics | Latency=0.81 ms | Status=200"}
{"asctime": "2026-02-17 12:19:01,373", "levelname": "INFO", "name": "inference", "message": "RequestID=b8204465-6243-4c48-9453-60892673cfd7 | Method=GET | Path=/metrics | Latency=1.25 ms | Status=200"}
{"asctime": "2026-02-17 12:19:16,373", "levelname": "INFO", "name": "inference", "message": "RequestID=77d34965-0bd7-49f5-830e-301504d456aa | Method=GET | Path=/metrics | Latency=0.76 ms | Status=200"}
{"asctime": "2026-02-17 12:19:31,378", "levelname": "INFO", "name": "inference", "message": "RequestID=18892204-67ed-412b-8649-02ee6da09f0d | Method=GET | Path=/metrics | Latency=0.91 ms | Status=200"}
{"asctime": "2026-02-17 12:19:46,372", "levelname": "INFO", "name": "inference", "message": "RequestID=d3f81d4e-596c-4bfb-89de-b9c8518d996e | Method=GET | Path=/metrics | Latency=0.75 ms | Status=200"}
{"asctime": "2026-02-17 12:20:01,373", "levelname": "INFO", "name": "inference", "message": "RequestID=8c5d4b10-39c9-4c2a-8575-0a021a3b0f7a | Method=GET | Path=/metrics | Latency=0.78 ms | Status=200"}
{"asctime": "2026-02-17 12:20:16,388", "levelname": "INFO", "name": "inference", "message": "RequestID=fc2052d5-1601-4cf0-9fe8-79008f402c65 | Method=GET | Path=/metrics | Latency=0.84 ms | Status=200"}
{"asctime": "2026-02-17 12:20:31,372", "levelname": "INFO", "name": "inference", "message": "RequestID=d3d40b63-82b0-47cf-92b4-7a507f2d46bd | Method=GET | Path=/metrics | Latency=0.96 ms | Status=200"}
{"asctime": "2026-02-17 12:20:46,375", "levelname": "INFO", "name": "inference", "message": "RequestID=08cab407-1f8c-4848-9b1f-efd5ae52ce60 | Method=GET | Path=/metrics | Latency=0.94 ms | Status=200"}
{"asctime": "2026-02-17 12:21:01,369", "levelname": "INFO", "name": "inference", "message": "RequestID=b34a9785-cc82-45ec-b11a-c2b5cf37aba8 | Method=GET | Path=/metrics | Latency=0.98 ms | Status=200"}
{"asctime": "2026-02-17 12:21:16,371", "levelname": "INFO", "name": "inference", "message": "RequestID=b41fbfe9-c2ca-4ce0-a235-f231f1b0c4ba | Method=GET | Path=/metrics | Latency=0.98 ms | Status=200"}
{"asctime": "2026-02-17 12:21:31,370", "levelname": "INFO", "name": "inference", "message": "RequestID=fe54de20-4749-4d16-a7f4-efde74a2c3b9 | Method=GET | Path=/metrics | Latency=1.03 ms | Status=200"}
{"asctime": "2026-02-17 12:21:46,373", "levelname": "INFO", "name": "inference", "message": "RequestID=fc3040d7-c2a7-46a2-bd72-95a1afd52443 | Method=GET | Path=/metrics | Latency=1.72 ms | Status=200"}
{"asctime": "2026-02-17 12:22:01,369", "levelname": "INFO", "name": "inference", "message": "RequestID=c6b15090-241e-4fe7-82fc-2a905ce51ea0 | Method=GET | Path=/metrics | Latency=0.84 ms | Status=200"}
{"asctime": "2026-02-17 12:22:16,373", "levelname": "INFO", "name": "inference", "message": "RequestID=9f934b1e-baba-4592-baa2-33efc00dbc41 | Method=GET | Path=/metrics | Latency=0.92 ms | Status=200"}
{"asctime": "2026-02-17 12:22:31,381", "levelname": "INFO", "name": "inference", "message": "RequestID=af53611f-c3f2-4ff6-a6a6-f74f8d6fda78 | Method=GET | Path=/metrics | Latency=2.45 ms | Status=200"}
{"asctime": "2026-02-17 12:22:46,380", "levelname": "INFO", "name": "inference", "message": "RequestID=8e32953e-534d-4d3c-9a26-74ca7ff9d364 | Method=GET | Path=/metrics | Latency=1.70 ms | Status=200"}
{"asctime": "2026-02-17 12:23:01,371", "levelname": "INFO", "name": "inference", "message": "RequestID=43d7e4e4-7335-471d-89c8-4256d76bd00c | Method=GET | Path=/metrics | Latency=0.97 ms | Status=200"}
{"asctime": "2026-02-17 12:23:16,375", "levelname": "INFO", "name": "inference", "message": "RequestID=eeedbf78-864f-402e-8f92-c0a820f3f6d1 | Method=GET | Path=/metrics | Latency=1.09 ms | Status=200"}
{"asctime": "2026-02-17 12:23:31,371", "levelname": "INFO", "name": "inference", "message": "RequestID=fdb01c17-8ec8-4047-83db-688d7139b518 | Method=GET | Path=/metrics | Latency=1.08 ms | Status=200"}
{"asctime": "2026-02-17 12:23:46,373", "levelname": "INFO", "name": "inference", "message": "RequestID=173d477e-919f-477d-8d8d-30045264bbeb | Method=GET | Path=/metrics | Latency=0.98 ms | Status=200"}
{"asctime": "2026-02-17 12:24:01,376", "levelname": "INFO", "name": "inference", "message": "RequestID=8d4847d6-cd09-4a97-a366-17d9289d3255 | Method=GET | Path=/metrics | Latency=1.39 ms | Status=200"}
{"asctime": "2026-02-17 12:24:16,377", "levelname": "INFO", "name": "inference", "message": "RequestID=3695e784-68c4-4e99-9b53-1b3bce1a2ccf | Method=GET | Path=/metrics | Latency=0.80 ms | Status=200"}
{"asctime": "2026-02-17 12:24:31,372", "levelname": "INFO", "name": "inference", "message": "RequestID=8e6fc324-2299-466c-935d-788115d1b784 | Method=GET | Path=/metrics | Latency=0.77 ms | Status=200"}
{"asctime": "2026-02-17 12:24:46,377", "levelname": "INFO", "name": "inference", "message": "RequestID=5bc039b6-db33-4328-87db-8884d7e39804 | Method=GET | Path=/metrics | Latency=1.63 ms | Status=200"}
{"asctime": "2026-02-17 12:25:01,376", "levelname": "INFO", "name": "inference", "message": "RequestID=6360955b-e5e2-4539-b77d-e6883ba05ed4 | Method=GET | Path=/metrics | Latency=0.96 ms | Status=200"}
{"asctime": "2026-02-17 12:25:16,374", "levelname": "INFO", "name": "inference", "message": "RequestID=95fbd479-6a90-4410-a0e4-fe0d069794e8 | Method=GET | Path=/metrics | Latency=0.77 ms | Status=200"}
{"asctime": "2026-02-17 12:25:31,373", "levelname": "INFO", "name": "inference", "message": "RequestID=148493e4-410e-4662-9ebf-4acc6a669faf | Method=GET | Path=/metrics | Latency=0.73 ms | Status=200"}
{"asctime": "2026-02-17 12:25:46,374", "levelname": "INFO", "name": "inference", "message": "RequestID=d3c92232-defb-4237-8889-39ef30c9b55b | Method=GET | Path=/metrics | Latency=0.84 ms | Status=200"}
{"asctime": "2026-02-17 12:26:01,388", "levelname": "INFO", "name": "inference", "message": "RequestID=7b64b251-2249-4aae-b7f8-ff18f3a4b2ee | Method=GET | Path=/metrics | Latency=5.61 ms | Status=200"}
{"asctime": "2026-02-17 12:26:16,402", "levelname": "INFO", "name": "inference", "message": "RequestID=1db27b87-171b-4c08-ae0d-4afc35451044 | Method=GET | Path=/metrics | Latency=15.94 ms | Status=200"}
{"asctime": "2026-02-17 12:26:31,369", "levelname": "INFO", "name": "inference", "message": "RequestID=b6d731fc-cfe5-4601-89db-9567288f491b | Method=GET | Path=/metrics | Latency=0.86 ms | Status=200"}
{"asctime": "2026-02-17 12:26:46,371", "levelname": "INFO", "name": "inference", "message": "RequestID=de7f22f1-3f67-44fd-8610-a3cbf3680eea | Method=GET | Path=/metrics | Latency=1.20 ms | Status=200"}
{"asctime": "2026-02-17 12:27:09,476", "levelname": "INFO", "name": "inference", "message": "RequestID=ccf7252c-67f1-46f8-b956-951be5a51810 | Method=GET | Path=/ | Latency=1.10 ms | Status=404"}
{"asctime": "2026-02-17 12:27:18,162", "levelname": "INFO", "name": "inference", "message": "RequestID=f1da3c09-34b4-4394-b496-67f55a163953 | Method=GET | Path=/docs | Latency=0.45 ms | Status=200"}
{"asctime": "2026-02-17 12:27:18,262", "levelname": "INFO", "name": "inference", "message": "RequestID=ccce8aeb-9a06-4b0d-88fa-e71f78fb77c6 | Method=GET | Path=/openapi.json | Latency=32.45 ms | Status=200"}
{"asctime": "2026-02-17 12:27:43,294", "levelname": "INFO", "name": "inference", "message": "inference_event", "region": "yogyakarta", "model_version": "v1", "request_id": "e07cccf2-f99a-4020-add5-d1de09487081", "predicted_price": 1204151.36}
{"asctime": "2026-02-17 12:27:43,295", "levelname": "INFO", "name": "inference", "message": "RequestID=e07cccf2-f99a-4020-add5-d1de09487081 | Method=POST | Path=/predict/yogyakarta | Latency=70.70 ms | Status=200"}
{"asctime": "2026-02-17 12:27:51,334", "levelname": "INFO", "name": "inference", "message": "inference_event", "region": "jakarta_pusat", "model_version": "v1", "request_id": "dce9627d-aedb-47d4-b34b-9d9b1fe795a1", "predicted_price": 2595692.27}
{"asctime": "2026-02-17 12:27:51,336", "levelname": "INFO", "name": "inference", "message": "RequestID=dce9627d-aedb-47d4-b34b-9d9b1fe795a1 | Method=POST | Path=/predict/jakarta_pusat | Latency=55.87 ms | Status=200"}
{"asctime": "2026-02-17 12:27:59,393", "levelname": "INFO", "name": "inference", "message": "inference_event", "region": "jakarta_pusat", "model_version": "v1", "request_id": "932f53db-3a44-449a-94ac-9ac85b543abc", "predicted_price": 2348972.07}
{"asctime": "2026-02-17 12:27:59,394", "levelname": "INFO", "name": "inference", "message": "RequestID=932f53db-3a44-449a-94ac-9ac85b543abc | Method=POST | Path=/predict/jakarta_pusat | Latency=70.43 ms | Status=200"}
{"asctime": "2026-02-17 12:28:02,973", "levelname": "INFO", "name": "inference", "message": "inference_event", "region": "jakarta_pusat", "model_version": "v1", "request_id": "53e8fe5e-afb7-4429-b548-f0232d7a04c7", "predicted_price": 2773225.09}
{"asctime": "2026-02-17 12:28:02,975", "levelname": "INFO", "name": "inference", "message": "RequestID=53e8fe5e-afb7-4429-b548-f0232d7a04c7 | Method=POST | Path=/predict/jakarta_pusat | Latency=57.98 ms | Status=200"}
{"asctime": "2026-02-17 12:28:06,648", "levelname": "INFO", "name": "inference", "message": "RequestID=59051aa6-da38-4f92-b882-267eb9b24b43 | Method=POST | Path=/predict/jakarta_pusat | Latency=6.32 ms | Status=422"}
{"asctime": "2026-02-17 12:29:43,846", "levelname": "INFO", "name": "inference", "message": "RequestID=c8f670b8-dd73-4efe-9a75-67616c2794bb | Method=GET | Path=/metrics | Latency=3.06 ms | Status=200"}
{"asctime": "2026-02-17 12:30:01,054", "levelname": "INFO", "name": "inference", "message": "RequestID=dd141ccb-a6d4-4b71-99e9-1f0c632af581 | Method=GET | Path=/health | Latency=2.54 ms | Status=200"}
{"asctime": "2026-02-17 12:30:12,049", "levelname": "INFO", "name": "inference", "message": "RequestID=2bc7d62c-d91f-4feb-ba6c-4d1256ef3d0f | Method=GET | Path=/prediction-monitor/yogyakarta | Latency=2.78 ms | Status=200"}
{"asctime": "2026-02-17 12:30:27,509", "levelname": "INFO", "name": "inference", "message": "RequestID=7ec6ee66-ea9f-4d62-9525-3445e9ba43df | Method=GET | Path=/prediction-monitor/jakarta_pusat | Latency=1.79 ms | Status=200"}
{"asctime": "2026-02-17 12:30:36,241", "levelname": "INFO", "name": "inference", "message": "RequestID=dc071d6c-1d5e-4a4c-9ddc-6ec12370aa19 | Method=GET | Path=/prometheus-metrics | Latency=3.13 ms | Status=200"}
{"asctime": "2026-02-17 12:31:16,381", "levelname": "INFO", "name": "inference", "message": "RequestID=46ff7c31-a794-4c94-9292-a67237da43b1 | Method=GET | Path=/metrics | Latency=0.77 ms | Status=200"}
{"asctime": "2026-02-17 12:31:31,376", "levelname": "INFO", "name": "inference", "message": "RequestID=e987aa76-7185-470c-9416-4fa2b94127b5 | Method=GET | Path=/metrics | Latency=0.82 ms | Status=200"}
{"asctime": "2026-02-17 12:31:46,372", "levelname": "INFO", "name": "inference", "message": "RequestID=fbfe6efe-ddfd-4b32-bf62-75e1b03607ca | Method=GET | Path=/metrics | Latency=0.65 ms | Status=200"}
{"asctime": "2026-02-17 12:32:01,375", "levelname": "INFO", "name": "inference", "message": "RequestID=0c299d68-6881-4ee0-bd85-892c6199a515 | Method=GET | Path=/metrics | Latency=0.53 ms | Status=200"}
{"asctime": "2026-02-17 12:32:16,381", "levelname": "INFO", "name": "inference", "message": "RequestID=7f7ca132-ba1b-4837-af47-a13aa3c69ff5 | Method=GET | Path=/metrics | Latency=4.70 ms | Status=200"}
{"asctime": "2026-02-17 12:32:30,471", "levelname": "INFO", "name": "inference", "message": "RequestID=5a2ceecd-c640-4780-aa57-8e792eed9804 | Method=GET | Path=/prometheus-metrics | Latency=2.74 ms | Status=200"}
{"asctime": "2026-02-17 12:32:31,376", "levelname": "INFO", "name": "inference", "message": "RequestID=2d6922bb-46ca-48b8-bf71-22e70e97c259 | Method=GET | Path=/metrics | Latency=0.77 ms | Status=200"}
{"asctime": "2026-02-17 12:32:46,386", "levelname": "INFO", "name": "inference", "message": "RequestID=8efa6421-e7f2-4e55-908a-67bf4e57f92b | Method=GET | Path=/metrics | Latency=7.67 ms | Status=200"}
{"asctime": "2026-02-17 12:32:47,051", "levelname": "INFO", "name": "inference", "message": "RequestID=0d137120-aa08-421c-aae6-4a2d5c80aa0e | Method=GET | Path=/prometheus-metrics | Latency=1.92 ms | Status=200"}
{"asctime": "2026-02-17 12:32:48,245", "levelname": "INFO", "name": "inference", "message": "RequestID=d4538a99-e4e3-4233-b4a7-d75b0dcde920 | Method=GET | Path=/prometheus-metrics | Latency=1.36 ms | Status=200"}
{"asctime": "2026-02-17 12:32:48,853", "levelname": "INFO", "name": "inference", "message": "RequestID=38e7a6aa-1065-4f8c-ada4-fdfa29f80862 | Method=GET | Path=/prometheus-metrics | Latency=1.27 ms | Status=200"}
{"asctime": "2026-02-17 12:32:58,760", "levelname": "INFO", "name": "inference", "message": "RequestID=aafe1a69-f1f3-4e58-8ec5-1a764e27962e | Method=POST | Path=/predict/jakarta_pusat | Latency=4.17 ms | Status=422"}
{"asctime": "2026-02-17 12:33:01,371", "levelname": "INFO", "name": "inference", "message": "RequestID=3cd25039-7eac-479e-96aa-f61d9e50ad3d | Method=GET | Path=/metrics | Latency=0.86 ms | Status=200"}
{"asctime": "2026-02-17 12:33:04,412", "levelname": "INFO", "name": "inference", "message": "inference_event", "region": "jakarta_pusat", "model_version": "v1", "request_id": "ccce1c43-336c-4b5b-8567-39d4efe1382d", "predicted_price": 3175053.71}
{"asctime": "2026-02-17 12:33:04,414", "levelname": "INFO", "name": "inference", "message": "RequestID=ccce1c43-336c-4b5b-8567-39d4efe1382d | Method=POST | Path=/predict/jakarta_pusat | Latency=61.03 ms | Status=200"}
{"asctime": "2026-02-17 12:33:14,679", "levelname": "INFO", "name": "inference", "message": "RequestID=d118dbea-9b33-4842-b7f5-9769feede391 | Method=GET | Path=/prediction-monitor/jakarta_pusat | Latency=2.56 ms | Status=200"}
{"asctime": "2026-02-17 12:33:16,370", "levelname": "INFO", "name": "inference", "message": "RequestID=9a4747c1-a19f-4412-9b4e-4344101a55f1 | Method=GET | Path=/metrics | Latency=0.79 ms | Status=200"}
{"asctime": "2026-02-17 12:33:27,738", "levelname": "INFO", "name": "inference", "message": "inference_event", "region": "jakarta_pusat", "model_version": "v1", "request_id": "afb6390a-bf0f-4e5a-b8a3-67c58d96a952", "predicted_price": 3426911.57}
{"asctime": "2026-02-17 12:33:27,740", "levelname": "INFO", "name": "inference", "message": "RequestID=afb6390a-bf0f-4e5a-b8a3-67c58d96a952 | Method=POST | Path=/predict/jakarta_pusat | Latency=60.60 ms | Status=200"}
{"asctime": "2026-02-17 12:33:31,372", "levelname": "INFO", "name": "inference", "message": "RequestID=d15b3e49-c4d1-452c-b79e-d2dbc09f53bd | Method=GET | Path=/metrics | Latency=0.80 ms | Status=200"}
{"asctime": "2026-02-17 12:33:32,840", "levelname": "INFO", "name": "inference", "message": "inference_event", "region": "yogyakarta", "model_version": "v1", "request_id": "a2e41b01-1cdb-44f1-b5d7-f32d129155c2", "predicted_price": 1678043.38}
{"asctime": "2026-02-17 12:33:32,841", "levelname": "INFO", "name": "inference", "message": "RequestID=a2e41b01-1cdb-44f1-b5d7-f32d129155c2 | Method=POST | Path=/predict/yogyakarta | Latency=44.97 ms | Status=200"}
{"asctime": "2026-02-17 12:33:37,719", "levelname": "INFO", "name": "inference", "message": "RequestID=8659e9aa-f597-4953-bcd8-6b9db4cc9cd3 | Method=GET | Path=/prometheus-metrics | Latency=2.12 ms | Status=200"}
{"asctime": "2026-02-17 12:33:46,372", "levelname": "INFO", "name": "inference", "message": "RequestID=4a5e9273-ba77-423a-9f36-5402de7779cd | Method=GET | Path=/metrics | Latency=1.21 ms | Status=200"}
{"asctime": "2026-02-17 12:34:01,375", "levelname": "INFO", "name": "inference", "message": "RequestID=a16cfd71-af26-43c7-a3e7-348add512574 | Method=GET | Path=/metrics | Latency=0.98 ms | Status=200"}
{"asctime": "2026-02-17 12:34:16,373", "levelname": "INFO", "name": "inference", "message": "RequestID=f1962318-5993-4b38-8192-6ddf19f12298 | Method=GET | Path=/metrics | Latency=0.55 ms | Status=200"}
{"asctime": "2026-02-17 12:34:31,375", "levelname": "INFO", "name": "inference", "message": "RequestID=a7c54a96-e4fd-4605-b9fc-7193fdafd527 | Method=GET | Path=/metrics | Latency=0.73 ms | Status=200"}
{"asctime": "2026-02-17 12:34:46,378", "levelname": "INFO", "name": "inference", "message": "RequestID=b7116384-956c-4b24-b711-e721f7acf680 | Method=GET | Path=/metrics | Latency=1.29 ms | Status=200"}
{"asctime": "2026-02-17 12:35:01,377", "levelname": "INFO", "name": "inference", "message": "RequestID=5bcac3ff-c0fc-4a6a-9d55-8aaa32b048b5 | Method=GET | Path=/metrics | Latency=0.67 ms | Status=200"}
{"asctime": "2026-02-17 12:35:16,377", "levelname": "INFO", "name": "inference", "message": "RequestID=3c9cfa6a-4732-4e4b-9be0-64b58d16da0d | Method=GET | Path=/metrics | Latency=1.21 ms | Status=200"}
{"asctime": "2026-02-17 12:39:51,316", "levelname": "INFO", "name": "inference", "message": "RequestID=2487c541-a98c-4295-ab17-42c5c9929338 | Method=GET | Path=/ | Latency=0.75 ms | Status=404"}
{"asctime": "2026-02-17 12:39:53,935", "levelname": "INFO", "name": "inference", "message": "RequestID=97f31a26-1bb0-40aa-85c2-008be3ccd02f | Method=GET | Path=/docs | Latency=0.37 ms | Status=200"}
{"asctime": "2026-02-17 12:39:54,036", "levelname": "INFO", "name": "inference", "message": "RequestID=ec566518-1eb6-4d33-86da-22a8d79bcd31 | Method=GET | Path=/openapi.json | Latency=30.86 ms | Status=200"}
{"asctime": "2026-02-17 12:40:01,385", "levelname": "INFO", "name": "inference", "message": "RequestID=09c5ea8d-a63a-4b20-a54d-0c2ecffd3cf2 | Method=GET | Path=/metrics | Latency=10.84 ms | Status=200"}
{"asctime": "2026-02-17 12:40:16,374", "levelname": "INFO", "name": "inference", "message": "RequestID=c9e7dbd0-a500-4c9a-8470-1d6242a9b373 | Method=GET | Path=/metrics | Latency=1.08 ms | Status=200"}
{"asctime": "2026-02-17 12:40:31,376", "levelname": "INFO", "name": "inference", "message": "RequestID=4dec8b4c-2119-4e33-8d00-022bfe9b31fd | Method=GET | Path=/metrics | Latency=0.93 ms | Status=200"}
{"asctime": "2026-02-17 12:40:33,026", "levelname": "INFO", "name": "inference", "message": "inference_event", "region": "jakarta_pusat", "model_version": "v1", "request_id": "c8573fbb-e879-4ce4-9a57-225ab70cb791", "predicted_price": 4586840.49}
{"asctime": "2026-02-17 12:40:33,029", "levelname": "INFO", "name": "inference", "message": "RequestID=c8573fbb-e879-4ce4-9a57-225ab70cb791 | Method=POST | Path=/predict/jakarta_pusat | Latency=77.76 ms | Status=200"}
{"asctime": "2026-02-17 12:40:39,064", "levelname": "INFO", "name": "inference", "message": "inference_event", "region": "jakarta_utara", "model_version": "v1", "request_id": "dc0f7251-19a6-4885-8ddf-ebf79c53c6c5", "predicted_price": 2521077.15}
{"asctime": "2026-02-17 12:40:39,066", "levelname": "INFO", "name": "inference", "message": "RequestID=dc0f7251-19a6-4885-8ddf-ebf79c53c6c5 | Method=POST | Path=/predict/jakarta_utara | Latency=16.39 ms | Status=200"}
{"asctime": "2026-02-17 12:40:44,536", "levelname": "WARNING", "name": "error", "message": "http_exception", "path": "/predict/yogyaarta", "method": "POST", "status_code": 404, "detail": "Region not found", "request_id": "44b3cfd6-9c3f-413f-98d4-874ff4c85362"}
{"asctime": "2026-02-17 12:40:44,536", "levelname": "INFO", "name": "inference", "message": "RequestID=44b3cfd6-9c3f-413f-98d4-874ff4c85362 | Method=POST | Path=/predict/yogyaarta | Latency=2.32 ms | Status=404"}
{"asctime": "2026-02-17 12:40:46,374", "levelname": "INFO", "name": "inference", "message": "RequestID=177773cd-4c2f-464d-a9ad-ee0483478935 | Method=GET | Path=/metrics | Latency=1.80 ms | Status=200"}
{"asctime": "2026-02-17 12:40:48,394", "levelname": "INFO", "name": "inference", "message": "inference_event", "region": "yogyakarta", "model_version": "v1", "request_id": "471b39c3-35a8-4948-8e34-f326a06cd999", "predicted_price": 2028140.14}
{"asctime": "2026-02-17 12:40:48,396", "levelname": "INFO", "name": "inference", "message": "RequestID=471b39c3-35a8-4948-8e34-f326a06cd999 | Method=POST | Path=/predict/yogyakarta | Latency=49.52 ms | Status=200"}
{"asctime": "2026-02-17 12:40:53,350", "levelname": "INFO", "name": "inference", "message": "inference_event", "region": "yogyakarta", "model_version": "v1", "request_id": "d684ee36-8bf0-4153-ad75-123601347204", "predicted_price": 1302577.02}
{"asctime": "2026-02-17 12:40:53,352", "levelname": "INFO", "name": "inference", "message": "RequestID=d684ee36-8bf0-4153-ad75-123601347204 | Method=POST | Path=/predict/yogyakarta | Latency=52.87 ms | Status=200"}
{"asctime": "2026-02-17 12:40:59,559", "levelname": "INFO", "name": "inference", "message": "RequestID=16677040-4d78-4da3-aefa-0fe7b504a6da | Method=GET | Path=/internal-metrics | Latency=3.16 ms | Status=200"}
{"asctime": "2026-02-17 12:41:01,374", "levelname": "INFO", "name": "inference", "message": "RequestID=76fb2dd7-ce8a-47f2-a757-2b08ef835c2d | Method=GET | Path=/metrics | Latency=3.05 ms | Status=200"}
{"asctime": "2026-02-17 12:41:09,005", "levelname": "INFO", "name": "inference", "message": "RequestID=9058d5b0-5f6a-496d-8cea-b2d1e436520b | Method=GET | Path=/health | Latency=1.58 ms | Status=200"}
{"asctime": "2026-02-17 12:41:16,377", "levelname": "INFO", "name": "inference", "message": "RequestID=0faecf27-caaf-4209-9dca-783187e2b2bf | Method=GET | Path=/metrics | Latency=6.37 ms | Status=200"}
{"asctime": "2026-02-17 12:41:18,771", "levelname": "INFO", "name": "inference", "message": "RequestID=c0b8101f-6606-49bb-a948-263bbc133c0d | Method=GET | Path=/prediction-monitor/yogyakarta | Latency=2.66 ms | Status=200"}
{"asctime": "2026-02-17 12:41:31,382", "levelname": "INFO", "name": "inference", "message": "RequestID=f6263aa1-305f-48fc-bb38-132a05fc776b | Method=GET | Path=/metrics | Latency=2.12 ms | Status=200"}
{"asctime": "2026-02-17 12:41:31,409", "levelname": "INFO", "name": "inference", "message": "RequestID=03f7cf1c-1d71-440b-b8fe-6882b110f1ab | Method=GET | Path=/metrics | Latency=2.38 ms | Status=200"}
{"asctime": "2026-02-17 12:42:31,370", "levelname": "INFO", "name": "inference", "message": "RequestID=f150d2d0-0827-4869-aef6-6feee2596c89 | Method=GET | Path=/metrics | Latency=2.39 ms | Status=200"}
{"asctime": "2026-02-17 12:42:46,381", "levelname": "INFO", "name": "inference", "message": "RequestID=ff991488-fe27-4377-957e-96d708cf1069 | Method=GET | Path=/metrics | Latency=2.43 ms | Status=200"}
{"asctime": "2026-02-17 12:43:01,380", "levelname": "INFO", "name": "inference", "message": "RequestID=dc4bc9ca-907a-4eff-a595-e08288eff0fe | Method=GET | Path=/metrics | Latency=4.57 ms | Status=200"}
{"asctime": "2026-02-17 12:43:16,390", "levelname": "INFO", "name": "inference", "message": "RequestID=f0cbc0e6-406a-4fea-9eb8-f066a685f852 | Method=GET | Path=/metrics | Latency=3.16 ms | Status=200"}
{"asctime": "2026-02-17 12:43:31,375", "levelname": "INFO", "name": "inference", "message": "RequestID=c77691c4-ce8e-43b7-84fe-ffc622df33e9 | Method=GET | Path=/metrics | Latency=3.26 ms | Status=200"}
{"asctime": "2026-02-17 12:43:46,374", "levelname": "INFO", "name": "inference", "message": "RequestID=c5a2afa5-02c6-41e2-abbb-cf645fadef66 | Method=GET | Path=/metrics | Latency=2.66 ms | Status=200"}
{"asctime": "2026-02-17 12:44:41,164", "levelname": "INFO", "name": "inference", "message": "RequestID=fd65c040-1893-4db7-ace9-fff0e76ad6fe | Method=GET | Path=/ | Latency=0.46 ms | Status=404"}
{"asctime": "2026-02-17 12:44:43,594", "levelname": "INFO", "name": "inference", "message": "RequestID=038aa929-d6eb-4f89-b4e3-c15662434eab | Method=GET | Path=/docs | Latency=0.51 ms | Status=200"}
{"asctime": "2026-02-17 12:44:43,677", "levelname": "INFO", "name": "inference", "message": "RequestID=304dee46-30c7-4012-9283-7fe5182e9633 | Method=GET | Path=/openapi.json | Latency=21.67 ms | Status=200"}
{"asctime": "2026-02-17 12:44:46,387", "levelname": "INFO", "name": "inference", "message": "RequestID=935e5519-cd4b-4ebd-b6a8-b6616c8a9b58 | Method=GET | Path=/metrics | Latency=10.14 ms | Status=200"}
{"asctime": "2026-02-19 11:25:33,993", "levelname": "INFO", "name": "inference", "message": "RequestID=c1938b73-6d2e-485f-88e7-57ea79570937 | Method=GET | Path=/ | Latency=1.30 ms | Status=404"}
{"asctime": "2026-02-19 11:25:34,020", "levelname": "INFO", "name": "inference", "message": "RequestID=09d8b21e-9c61-4bcf-a24d-b06562438fe7 | Method=GET | Path=/favicon.ico | Latency=0.47 ms | Status=404"}
{"asctime": "2026-02-19 11:25:42,085", "levelname": "INFO", "name": "inference", "message": "RequestID=8c4d986c-b330-4834-823a-49b41d597c69 | Method=GET | Path=/docs | Latency=0.57 ms | Status=200"}
{"asctime": "2026-02-19 11:25:42,250", "levelname": "INFO", "name": "inference", "message": "RequestID=d3e22673-715a-43d5-99d9-1931f4ae46f2 | Method=GET | Path=/openapi.json | Latency=47.50 ms | Status=200"}
{"asctime": "2026-02-19 12:09:07,647", "levelname": "INFO", "name": "inference", "message": "inference_event", "region": "jakarta_utara", "model_version": "v1.0.0", "request_id": "90fe4691-e515-4bd8-a28a-cf8eb1cd33de", "predicted_price": 2281013.88}
{"asctime": "2026-02-19 12:09:07,647", "levelname": "INFO", "name": "inference", "message": "RequestID=90fe4691-e515-4bd8-a28a-cf8eb1cd33de | Method=POST | Path=/predict/jakarta_utara | Latency=41.06 ms | Status=200"}
{"asctime": "2026-02-19 12:09:21,664", "levelname": "INFO", "name": "inference", "message": "inference_event", "region": "jakarta_utara", "model_version": "v1.0.0", "request_id": "c7b11a99-d363-4bbc-9f05-e81cf9c740b9", "predicted_price": 2389952.59}
{"asctime": "2026-02-19 12:09:21,664", "levelname": "INFO", "name": "inference", "message": "RequestID=c7b11a99-d363-4bbc-9f05-e81cf9c740b9 | Method=POST | Path=/predict/jakarta_utara | Latency=12.88 ms | Status=200"}
{"asctime": "2026-02-19 12:09:39,821", "levelname": "INFO", "name": "inference", "message": "inference_event", "region": "jakarta_selatan", "model_version": "v1.0.0", "request_id": "785301c4-24f5-47f3-92f9-ff7d42c10e7a", "predicted_price": 3227179.07}
{"asctime": "2026-02-19 12:09:39,823", "levelname": "INFO", "name": "inference", "message": "RequestID=785301c4-24f5-47f3-92f9-ff7d42c10e7a | Method=POST | Path=/predict/jakarta_selatan | Latency=118.19 ms | Status=200"}
{"asctime": "2026-02-19 12:09:42,983", "levelname": "INFO", "name": "inference", "message": "inference_event", "region": "jakarta_selatan", "model_version": "v1.0.0", "request_id": "aa733389-7a70-483d-a904-10c5d64805af", "predicted_price": 3307106.95}
{"asctime": "2026-02-19 12:09:42,985", "levelname": "INFO", "name": "inference", "message": "RequestID=aa733389-7a70-483d-a904-10c5d64805af | Method=POST | Path=/predict/jakarta_selatan | Latency=76.78 ms | Status=200"}
{"asctime": "2026-02-19 12:09:57,794", "levelname": "INFO", "name": "inference", "message": "inference_event", "region": "yogyakarta", "model_version": "v1.0.0", "request_id": "7e0be352-e383-4ee6-8de3-8dc1e62d2b63", "predicted_price": 1347905.23}
{"asctime": "2026-02-19 12:09:57,794", "levelname": "INFO", "name": "inference", "message": "RequestID=7e0be352-e383-4ee6-8de3-8dc1e62d2b63 | Method=POST | Path=/predict/yogyakarta | Latency=109.47 ms | Status=200"}
{"asctime": "2026-02-19 12:10:07,956", "levelname": "INFO", "name": "inference", "message": "inference_event", "region": "yogyakarta", "model_version": "v1.0.0", "request_id": "abc0d662-a075-4c67-8f8b-29c549a59a4c", "predicted_price": 1433712.85}
{"asctime": "2026-02-19 12:10:07,957", "levelname": "INFO", "name": "inference", "message": "RequestID=abc0d662-a075-4c67-8f8b-29c549a59a4c | Method=POST | Path=/predict/yogyakarta | Latency=76.71 ms | Status=200"}
{"asctime": "2026-02-19 12:10:16,652", "levelname": "INFO", "name": "inference", "message": "inference_event", "region": "jakarta_utara", "model_version": "v1.0.0", "request_id": "505afcc1-cec9-4b2d-a02b-f194f6ea5c40", "predicted_price": 2469915.54}
{"asctime": "2026-02-19 12:10:16,652", "levelname": "INFO", "name": "inference", "message": "RequestID=505afcc1-cec9-4b2d-a02b-f194f6ea5c40 | Method=POST | Path=/predict/jakarta_utara | Latency=14.13 ms | Status=200"}
{"asctime": "2026-02-19 12:12:09,278", "levelname": "INFO", "name": "inference", "message": "RequestID=9af281fa-e002-470a-9911-33d27122edd1 | Method=GET | Path=/anomaly-monitor/jakarta_pusat | Latency=5.70 ms | Status=200"}
{"asctime": "2026-02-19 12:12:24,700", "levelname": "INFO", "name": "inference", "message": "RequestID=b8057ce4-b223-4ffc-86e3-6d28fe3639ba | Method=GET | Path=/model-info/jakarta_pusat | Latency=2.82 ms | Status=200"}
{"asctime": "2026-02-19 12:12:43,523", "levelname": "INFO", "name": "inference", "message": "RequestID=1a4014e0-1e8a-404c-9eef-3403006b501c | Method=GET | Path=/health | Latency=2.86 ms | Status=200"}
{"asctime": "2026-02-19 12:12:50,485", "levelname": "INFO", "name": "inference", "message": "RequestID=33fd3796-ec6f-4ddd-8690-671385debf8f | Method=GET | Path=/internal-metrics | Latency=4.86 ms | Status=200"}
{"asctime": "2026-02-19 12:12:59,422", "levelname": "INFO", "name": "inference", "message": "RequestID=085c38dc-7c04-4631-8328-7f43f2fc2522 | Method=GET | Path=/prediction-monitor/jakarta_pusat | Latency=3.82 ms | Status=200"}
{"asctime": "2026-02-19 12:13:15,743", "levelname": "INFO", "name": "inference", "message": "RequestID=bfa74491-141a-4282-a3f0-2367fcce83e4 | Method=GET | Path=/prediction-monitor/jakarta_pusat | Latency=1.01 ms | Status=200"}
{"asctime": "2026-02-19 12:13:44,090", "levelname": "INFO", "name": "inference", "message": "RequestID=e4cdbdc6-5ebd-4c2f-883b-9ca3c7ef36c6 | Method=GET | Path=/metrics | Latency=7.60 ms | Status=200"}
{"asctime": "2026-02-19 12:25:17,193", "levelname": "INFO", "name": "inference", "message": "RequestID=94418d0f-bd38-4a31-b1c8-8e8265017ee6 | Method=GET | Path=/prediction-monitor/yogyakarta | Latency=14.04 ms | Status=200"}
{"asctime": "2026-02-19 12:25:18,666", "levelname": "INFO", "name": "inference", "message": "RequestID=7a174241-c89e-4c6b-934f-8796b38dd55c | Method=GET | Path=/prediction-monitor/yogyakarta | Latency=1.01 ms | Status=200"}
{"asctime": "2026-02-19 12:25:19,233", "levelname": "INFO", "name": "inference", "message": "RequestID=157f15d2-2f9b-4d49-aa44-e380cd364e2c | Method=GET | Path=/prediction-monitor/yogyakarta | Latency=1.24 ms | Status=200"}
{"asctime": "2026-02-19 12:25:31,757", "levelname": "INFO", "name": "inference", "message": "RequestID=5fed8bdf-1cb5-494a-a049-8ba79b547172 | Method=GET | Path=/metrics | Latency=2.72 ms | Status=200"}
{"asctime": "2026-02-19 12:25:38,452", "levelname": "INFO", "name": "inference", "message": "inference_event", "region": "jakarta_utara", "model_version": "v1.0.0", "request_id": "d3f771bd-a2dc-4f01-9e40-7f71789b0051", "predicted_price": 2469915.54}
{"asctime": "2026-02-19 12:25:38,456", "levelname": "INFO", "name": "inference", "message": "RequestID=d3f771bd-a2dc-4f01-9e40-7f71789b0051 | Method=POST | Path=/predict/jakarta_utara | Latency=18.79 ms | Status=200"}
{"asctime": "2026-02-19 12:25:44,735", "levelname": "INFO", "name": "inference", "message": "inference_event", "region": "jakarta_pusat", "model_version": "v1.0.0", "request_id": "ff82218a-c00d-4f03-8706-6d915d9c3e28", "predicted_price": 2920206.85}
{"asctime": "2026-02-19 12:25:44,737", "levelname": "INFO", "name": "inference", "message": "RequestID=ff82218a-c00d-4f03-8706-6d915d9c3e28 | Method=POST | Path=/predict/jakarta_pusat | Latency=109.95 ms | Status=200"}
{"asctime": "2026-02-19 12:25:53,932", "levelname": "INFO", "name": "inference", "message": "RequestID=38fdd675-d489-4dde-a741-2a41f8215cc9 | Method=GET | Path=/prediction-monitor/jakarta_pusat | Latency=1.41 ms | Status=200"}
{"asctime": "2026-02-20 09:23:30,737", "levelname": "INFO", "name": "inference", "message": "RequestID=2add8dc3-2ab6-41b8-8cd2-704cb59a7dda | Method=GET | Path=/ | Latency=1.58 ms | Status=404"}
{"asctime": "2026-02-20 09:23:30,781", "levelname": "INFO", "name": "inference", "message": "RequestID=922c6aa2-c45d-4027-b989-e7363db30ec6 | Method=GET | Path=/favicon.ico | Latency=0.58 ms | Status=404"}
{"asctime": "2026-02-20 09:23:34,018", "levelname": "INFO", "name": "inference", "message": "RequestID=161c8a56-a6b6-490b-9a20-2b61c09d25d1 | Method=GET | Path=/docs | Latency=1.48 ms | Status=200"}
{"asctime": "2026-02-20 09:23:34,322", "levelname": "INFO", "name": "inference", "message": "RequestID=0dd13ec5-8502-4dc2-93bb-1fbae30e4be6 | Method=GET | Path=/openapi.json | Latency=60.54 ms | Status=200"}
{"asctime": "2026-02-20 09:30:28,500", "levelname": "INFO", "name": "inference", "message": "RequestID=94f31daa-bc01-47c2-9bb4-9fb18aa86451 | Method=GET | Path=/metrics | Latency=21.72 ms | Status=200"}
{"asctime": "2026-02-20 09:30:43,467", "levelname": "INFO", "name": "inference", "message": "RequestID=2bfe31a3-fa6a-44d7-8ca8-f1cf64548251 | Method=GET | Path=/metrics | Latency=1.64 ms | Status=200"}
{"asctime": "2026-02-20 09:30:58,483", "levelname": "INFO", "name": "inference", "message": "RequestID=9872797e-33b0-415f-831f-2adaa6d42236 | Method=GET | Path=/metrics | Latency=3.05 ms | Status=200"}
{"asctime": "2026-02-20 09:31:13,479", "levelname": "INFO", "name": "inference", "message": "RequestID=45c430b3-ee5e-438d-a892-4836e1c02d34 | Method=GET | Path=/metrics | Latency=3.89 ms | Status=200"}
{"asctime": "2026-02-20 09:31:28,479", "levelname": "INFO", "name": "inference", "message": "RequestID=4c6899a1-1937-4756-87f1-fdb505d1c9ec | Method=GET | Path=/metrics | Latency=4.41 ms | Status=200"}
{"asctime": "2026-02-20 09:31:29,795", "levelname": "INFO", "name": "inference", "message": "inference_event", "region": "yogyakarta", "model_version": "v1.0.0", "request_id": "131eac2e-2464-49b6-a251-959a0ed02263", "predicted_price": 1019014.01}
{"asctime": "2026-02-20 09:31:29,797", "levelname": "INFO", "name": "inference", "message": "RequestID=131eac2e-2464-49b6-a251-959a0ed02263 | Method=POST | Path=/predict/yogyakarta | Latency=183.98 ms | Status=200"}
{"asctime": "2026-02-20 09:31:40,194", "levelname": "INFO", "name": "inference", "message": "inference_event", "region": "jakarta_utara", "model_version": "v1.0.0", "request_id": "7cb0e673-59d6-4ed5-ad57-914953429259", "predicted_price": 1480624.36}
{"asctime": "2026-02-20 09:31:40,197", "levelname": "INFO", "name": "inference", "message": "RequestID=7cb0e673-59d6-4ed5-ad57-914953429259 | Method=POST | Path=/predict/jakarta_utara | Latency=55.49 ms | Status=200"}
{"asctime": "2026-02-20 09:31:43,479", "levelname": "INFO", "name": "inference", "message": "RequestID=cb0a28fd-366b-4673-b72d-9bb8443c4f1a | Method=GET | Path=/metrics | Latency=5.31 ms | Status=200"}
{"asctime": "2026-02-20 09:31:46,524", "levelname": "INFO", "name": "inference", "message": "inference_event", "region": "jakarta_selatan", "model_version": "v1.0.0", "request_id": "ccd3c8dd-0aec-47cf-919f-45121a6dcf83", "predicted_price": 1374083.29}
{"asctime": "2026-02-20 09:31:46,529", "levelname": "INFO", "name": "inference", "message": "RequestID=ccd3c8dd-0aec-47cf-919f-45121a6dcf83 | Method=POST | Path=/predict/jakarta_selatan | Latency=180.69 ms | Status=200"}
{"asctime": "2026-02-20 09:31:51,714", "levelname": "INFO", "name": "inference", "message": "inference_event", "region": "jakarta_pusat", "model_version": "v1.0.0", "request_id": "e4ebdd2d-0c90-4f6b-b6be-becc52ded782", "predicted_price": 2086739.73}
{"asctime": "2026-02-20 09:31:51,722", "levelname": "INFO", "name": "inference", "message": "RequestID=e4ebdd2d-0c90-4f6b-b6be-becc52ded782 | Method=POST | Path=/predict/jakarta_pusat | Latency=161.39 ms | Status=200"}
{"asctime": "2026-02-20 09:31:56,817", "levelname": "INFO", "name": "inference", "message": "inference_event", "region": "jakarta_pusat", "model_version": "v1.0.0", "request_id": "fa80bd1b-91b9-4005-8760-5ede69ca8c90", "predicted_price": 3026679.96}
{"asctime": "2026-02-20 09:31:56,822", "levelname": "INFO", "name": "inference", "message": "RequestID=fa80bd1b-91b9-4005-8760-5ede69ca8c90 | Method=POST | Path=/predict/jakarta_pusat | Latency=173.58 ms | Status=200"}
{"asctime": "2026-02-20 09:31:58,481", "levelname": "INFO", "name": "inference", "message": "RequestID=c71a9c22-2d2a-4983-891f-346c4d8418b1 | Method=GET | Path=/metrics | Latency=5.61 ms | Status=200"}
{"asctime": "2026-02-20 09:32:13,481", "levelname": "INFO", "name": "inference", "message": "RequestID=baefddc7-cb23-44a5-bff3-46c14064218f | Method=GET | Path=/metrics | Latency=7.63 ms | Status=200"}
{"asctime": "2026-02-20 09:32:14,572", "levelname": "INFO", "name": "inference", "message": "RequestID=db9d3b03-cc35-42fd-8c28-83b3ddf60cac | Method=GET | Path=/health | Latency=3.17 ms | Status=200"}
{"asctime": "2026-02-20 09:32:28,482", "levelname": "INFO", "name": "inference", "message": "RequestID=e352b9aa-e454-4ba2-a0d0-39086bdae29d | Method=GET | Path=/metrics | Latency=6.60 ms | Status=200"}
{"asctime": "2026-02-20 09:32:35,593", "levelname": "INFO", "name": "inference", "message": "RequestID=1467346d-76c3-4b86-8ac7-43808bc92c5c | Method=GET | Path=/prediction-monitor/jakarta_pusat | Latency=7.98 ms | Status=200"}
{"asctime": "2026-02-20 09:32:43,495", "levelname": "INFO", "name": "inference", "message": "RequestID=3ca359f9-ec45-4939-9cf6-2156d4168245 | Method=GET | Path=/metrics | Latency=11.70 ms | Status=200"}
{"asctime": "2026-02-20 09:32:44,492", "levelname": "INFO", "name": "inference", "message": "RequestID=ebc6f98c-88f3-476d-ae4b-e1511f684c27 | Method=GET | Path=/metrics | Latency=9.00 ms | Status=200"}
{"asctime": "2026-02-20 09:32:58,482", "levelname": "INFO", "name": "inference", "message": "RequestID=ebc4cd57-52ae-4a91-bd23-401f88125b65 | Method=GET | Path=/metrics | Latency=7.73 ms | Status=200"}
{"asctime": "2026-02-20 09:33:13,482", "levelname": "INFO", "name": "inference", "message": "RequestID=0e93e546-971a-46d7-8343-7caf9743b1de | Method=GET | Path=/metrics | Latency=8.83 ms | Status=200"}
{"asctime": "2026-02-20 09:33:28,482", "levelname": "INFO", "name": "inference", "message": "RequestID=7320438d-e69f-43f0-8eab-db3e00b71b1f | Method=GET | Path=/metrics | Latency=6.85 ms | Status=200"}
{"asctime": "2026-02-20 09:33:43,496", "levelname": "INFO", "name": "inference", "message": "RequestID=19e7f733-e8ef-46d6-bd41-04fc59246848 | Method=GET | Path=/metrics | Latency=11.34 ms | Status=200"}
{"asctime": "2026-02-20 09:33:58,505", "levelname": "INFO", "name": "inference", "message": "RequestID=66f5c293-691f-48d6-b5b6-85001cd0078b | Method=GET | Path=/metrics | Latency=12.01 ms | Status=200"}
{"asctime": "2026-02-20 09:34:13,481", "levelname": "INFO", "name": "inference", "message": "RequestID=53aeff71-5a3b-4fc6-90d4-cffc288b8b39 | Method=GET | Path=/metrics | Latency=6.94 ms | Status=200"}
{"asctime": "2026-02-20 09:34:28,487", "levelname": "INFO", "name": "inference", "message": "RequestID=239c949f-fa28-449e-8a68-b7de857b5796 | Method=GET | Path=/metrics | Latency=8.05 ms | Status=200"}
{"asctime": "2026-02-20 09:34:43,478", "levelname": "INFO", "name": "inference", "message": "RequestID=930d6b1b-1e60-4c0e-8052-9026999da7ec | Method=GET | Path=/metrics | Latency=3.39 ms | Status=200"}
{"asctime": "2026-02-20 09:34:58,465", "levelname": "INFO", "name": "inference", "message": "RequestID=35feca70-6058-4c84-8be9-b6b0fdccce81 | Method=GET | Path=/metrics | Latency=2.90 ms | Status=200"}
{"asctime": "2026-02-20 09:35:13,488", "levelname": "INFO", "name": "inference", "message": "RequestID=7fa5c365-a39d-4145-ab82-fc94e3638a28 | Method=GET | Path=/metrics | Latency=9.77 ms | Status=200"}
{"asctime": "2026-02-20 09:35:28,492", "levelname": "INFO", "name": "inference", "message": "RequestID=9bcdf4c1-f8bf-4923-bb94-5562b619d63d | Method=GET | Path=/metrics | Latency=12.61 ms | Status=200"}
{"asctime": "2026-02-20 09:35:43,503", "levelname": "INFO", "name": "inference", "message": "RequestID=356afa6f-0f76-47fb-b65f-7986d597d202 | Method=GET | Path=/metrics | Latency=15.04 ms | Status=200"}
{"asctime": "2026-02-20 09:35:58,486", "levelname": "INFO", "name": "inference", "message": "RequestID=cf491e1a-ce96-4e89-a649-071aeebebe37 | Method=GET | Path=/metrics | Latency=8.19 ms | Status=200"}
{"asctime": "2026-02-20 09:36:13,477", "levelname": "INFO", "name": "inference", "message": "RequestID=013c5f9c-763f-4007-bef7-55e39dc3e3e6 | Method=GET | Path=/metrics | Latency=4.66 ms | Status=200"}
{"asctime": "2026-02-20 09:36:28,486", "levelname": "INFO", "name": "inference", "message": "RequestID=959eb7cd-e613-4b67-8ee3-4d31cf27ecf2 | Method=GET | Path=/metrics | Latency=7.41 ms | Status=200"}
{"asctime": "2026-02-20 09:36:43,490", "levelname": "INFO", "name": "inference", "message": "RequestID=202f6fb3-840d-428f-9bf6-fa553aaf2b6a | Method=GET | Path=/metrics | Latency=8.45 ms | Status=200"}
{"asctime": "2026-02-20 09:36:58,482", "levelname": "INFO", "name": "inference", "message": "RequestID=a2d94117-3edd-42bd-bd33-4696cf8a377f | Method=GET | Path=/metrics | Latency=9.41 ms | Status=200"}
{"asctime": "2026-02-20 09:37:13,485", "levelname": "INFO", "name": "inference", "message": "RequestID=9302d3ff-d53c-4d80-ac4c-ec51c1b1b2c2 | Method=GET | Path=/metrics | Latency=8.89 ms | Status=200"}
{"asctime": "2026-02-20 09:37:28,472", "levelname": "INFO", "name": "inference", "message": "RequestID=a31a0fda-48c2-4113-8259-a4e8e21df0ef | Method=GET | Path=/metrics | Latency=4.00 ms | Status=200"}
{"asctime": "2026-02-20 09:37:43,483", "levelname": "INFO", "name": "inference", "message": "RequestID=4383450e-e9af-4616-9255-9fc6a06f3d9b | Method=GET | Path=/metrics | Latency=12.54 ms | Status=200"}
{"asctime": "2026-02-20 09:37:58,487", "levelname": "INFO", "name": "inference", "message": "RequestID=623e0117-f77e-4bee-abbd-15ea1ae7cf1c | Method=GET | Path=/metrics | Latency=8.67 ms | Status=200"}
{"asctime": "2026-02-20 09:38:13,481", "levelname": "INFO", "name": "inference", "message": "RequestID=7ff11300-d4d0-4c7e-9364-d81b23c358dc | Method=GET | Path=/metrics | Latency=10.84 ms | Status=200"}
{"asctime": "2026-02-20 09:38:28,488", "levelname": "INFO", "name": "inference", "message": "RequestID=27319c47-7ece-43a0-9acc-be1a446685bc | Method=GET | Path=/metrics | Latency=11.61 ms | Status=200"}
{"asctime": "2026-02-20 09:38:43,481", "levelname": "INFO", "name": "inference", "message": "RequestID=a875beb4-fb33-4239-9485-466bb8dcfe5f | Method=GET | Path=/metrics | Latency=7.77 ms | Status=200"}
{"asctime": "2026-02-20 09:38:58,469", "levelname": "INFO", "name": "inference", "message": "RequestID=406195cb-a4db-4e9b-8361-fb0f87379c8f | Method=GET | Path=/metrics | Latency=3.92 ms | Status=200"}
{"asctime": "2026-02-20 09:39:13,485", "levelname": "INFO", "name": "inference", "message": "RequestID=e6b0e92c-5871-4aaa-b32f-64638aa409e6 | Method=GET | Path=/metrics | Latency=7.04 ms | Status=200"}
{"asctime": "2026-02-20 09:39:28,488", "levelname": "INFO", "name": "inference", "message": "RequestID=92cc4c31-d507-4d97-a1c4-017a8e274191 | Method=GET | Path=/metrics | Latency=10.53 ms | Status=200"}
{"asctime": "2026-02-20 09:39:43,472", "levelname": "INFO", "name": "inference", "message": "RequestID=a557ec7d-6bc3-400e-83c6-adb6afbb3a04 | Method=GET | Path=/metrics | Latency=3.27 ms | Status=200"}
{"asctime": "2026-02-20 09:39:58,481", "levelname": "INFO", "name": "inference", "message": "RequestID=73677f52-4a18-4f23-86a7-4f3835d84f14 | Method=GET | Path=/metrics | Latency=7.33 ms | Status=200"}
{"asctime": "2026-02-20 09:40:13,476", "levelname": "INFO", "name": "inference", "message": "RequestID=c1492a66-ae92-4ca6-a70b-e829d644fe88 | Method=GET | Path=/metrics | Latency=5.24 ms | Status=200"}
{"asctime": "2026-02-20 09:40:28,477", "levelname": "INFO", "name": "inference", "message": "RequestID=9dd147aa-e2c9-462a-8b0e-103dbd7acc58 | Method=GET | Path=/metrics | Latency=7.27 ms | Status=200"}
{"asctime": "2026-02-20 09:40:43,497", "levelname": "INFO", "name": "inference", "message": "RequestID=1c505976-bf76-42b0-bc94-0d43a90249aa | Method=GET | Path=/metrics | Latency=10.37 ms | Status=200"}
{"asctime": "2026-02-20 09:40:58,478", "levelname": "INFO", "name": "inference", "message": "RequestID=f33229de-dd32-4f84-8af9-a3002b1068c8 | Method=GET | Path=/metrics | Latency=5.81 ms | Status=200"}
{"asctime": "2026-02-20 09:41:13,485", "levelname": "INFO", "name": "inference", "message": "RequestID=6fccdae3-d504-4460-86cd-0d5f176e548a | Method=GET | Path=/metrics | Latency=9.95 ms | Status=200"}
{"asctime": "2026-02-20 09:41:28,508", "levelname": "INFO", "name": "inference", "message": "RequestID=06971ba2-ed6b-458b-856f-d1e07047380a | Method=GET | Path=/metrics | Latency=16.20 ms | Status=200"}
{"asctime": "2026-02-20 09:41:43,476", "levelname": "INFO", "name": "inference", "message": "RequestID=cfa6e086-0339-41b8-aff2-df41326d9adc | Method=GET | Path=/metrics | Latency=4.68 ms | Status=200"}
{"asctime": "2026-02-20 09:41:58,481", "levelname": "INFO", "name": "inference", "message": "RequestID=8f2ebecc-2936-4c04-9f4f-f4f897ed7d35 | Method=GET | Path=/metrics | Latency=7.13 ms | Status=200"}
{"asctime": "2026-02-20 09:42:13,486", "levelname": "INFO", "name": "inference", "message": "RequestID=4402debe-43dd-4353-ac8b-f5d509b63b3d | Method=GET | Path=/metrics | Latency=9.61 ms | Status=200"}
{"asctime": "2026-02-20 09:42:28,474", "levelname": "INFO", "name": "inference", "message": "RequestID=97b26fe6-5595-4ddb-b382-810c1546f526 | Method=GET | Path=/metrics | Latency=5.93 ms | Status=200"}
{"asctime": "2026-02-20 09:42:43,481", "levelname": "INFO", "name": "inference", "message": "RequestID=e5633fff-2e1a-4239-8a60-fc9fde0f5567 | Method=GET | Path=/metrics | Latency=6.46 ms | Status=200"}
{"asctime": "2026-02-20 09:42:58,474", "levelname": "INFO", "name": "inference", "message": "RequestID=8f26fa50-6c9f-4e57-94ba-38640f10c27a | Method=GET | Path=/metrics | Latency=4.12 ms | Status=200"}
{"asctime": "2026-02-20 09:43:13,481", "levelname": "INFO", "name": "inference", "message": "RequestID=02a47b35-3d80-4818-bdd1-6f81acec1668 | Method=GET | Path=/metrics | Latency=6.65 ms | Status=200"}
{"asctime": "2026-02-20 09:43:28,523", "levelname": "INFO", "name": "inference", "message": "RequestID=8a99bbac-14f1-4e95-b3c8-c6f359257a7e | Method=GET | Path=/metrics | Latency=3.55 ms | Status=200"}
{"asctime": "2026-02-20 09:43:43,503", "levelname": "INFO", "name": "inference", "message": "RequestID=c2b4d3b7-95c5-4df1-9be6-f58a5dac91b9 | Method=GET | Path=/metrics | Latency=17.26 ms | Status=200"}
{"asctime": "2026-02-20 09:43:58,492", "levelname": "INFO", "name": "inference", "message": "RequestID=255b96a0-870c-4fdf-957e-4e75353b97c4 | Method=GET | Path=/metrics | Latency=9.72 ms | Status=200"}
{"asctime": "2026-02-20 09:44:13,486", "levelname": "INFO", "name": "inference", "message": "RequestID=5121a356-ef57-4140-890e-4b0d19ffaaf1 | Method=GET | Path=/metrics | Latency=6.73 ms | Status=200"}
{"asctime": "2026-02-20 09:44:28,472", "levelname": "INFO", "name": "inference", "message": "RequestID=8ef6a402-eb6d-4f0a-8751-8fba368bd1e1 | Method=GET | Path=/metrics | Latency=4.56 ms | Status=200"}
{"asctime": "2026-02-20 09:44:43,486", "levelname": "INFO", "name": "inference", "message": "RequestID=827a08a7-7888-4bab-b890-b43e164e0b4d | Method=GET | Path=/metrics | Latency=9.93 ms | Status=200"}
{"asctime": "2026-02-20 09:44:58,490", "levelname": "INFO", "name": "inference", "message": "RequestID=6393d6b7-eb05-4a8e-a22a-badba45aa7aa | Method=GET | Path=/metrics | Latency=9.22 ms | Status=200"}
{"asctime": "2026-02-20 09:45:13,487", "levelname": "INFO", "name": "inference", "message": "RequestID=ad7bca0a-85fb-4973-aff5-7de04d0f8abe | Method=GET | Path=/metrics | Latency=7.99 ms | Status=200"}
{"asctime": "2026-02-20 09:45:28,489", "levelname": "INFO", "name": "inference", "message": "RequestID=f7ca0271-40a8-4eea-bb0a-62f50467e737 | Method=GET | Path=/metrics | Latency=9.10 ms | Status=200"}
{"asctime": "2026-02-20 09:45:43,490", "levelname": "INFO", "name": "inference", "message": "RequestID=ee5e3780-f5c6-43ed-9190-742f3d2a2bba | Method=GET | Path=/metrics | Latency=7.24 ms | Status=200"}
{"asctime": "2026-02-20 09:45:58,492", "levelname": "INFO", "name": "inference", "message": "RequestID=0242b887-87f3-4bbc-b0d7-82130bcef5ce | Method=GET | Path=/metrics | Latency=10.37 ms | Status=200"}
{"asctime": "2026-02-20 09:46:13,467", "levelname": "INFO", "name": "inference", "message": "RequestID=646ce475-0c37-499a-a155-340b451e907d | Method=GET | Path=/metrics | Latency=3.13 ms | Status=200"}
{"asctime": "2026-02-20 09:46:28,479", "levelname": "INFO", "name": "inference", "message": "RequestID=0168530a-1be8-4630-961c-ced25fce2215 | Method=GET | Path=/metrics | Latency=6.53 ms | Status=200"}
{"asctime": "2026-02-20 09:46:43,489", "levelname": "INFO", "name": "inference", "message": "RequestID=fcedfa2b-1434-4552-b122-560866fabac1 | Method=GET | Path=/metrics | Latency=9.90 ms | Status=200"}
{"asctime": "2026-02-20 09:46:58,471", "levelname": "INFO", "name": "inference", "message": "RequestID=5ca6ed6e-80cd-45b8-9ba0-dd5a76679461 | Method=GET | Path=/metrics | Latency=4.43 ms | Status=200"}
{"asctime": "2026-02-20 09:47:13,496", "levelname": "INFO", "name": "inference", "message": "RequestID=85103743-ed82-4901-bf36-2b92c8bd9f88 | Method=GET | Path=/metrics | Latency=12.49 ms | Status=200"}
{"asctime": "2026-02-20 09:47:28,479", "levelname": "INFO", "name": "inference", "message": "RequestID=fe4acf30-9715-4dee-bcd4-d98eb051c8a2 | Method=GET | Path=/metrics | Latency=8.47 ms | Status=200"}
{"asctime": "2026-02-20 09:47:43,482", "levelname": "INFO", "name": "inference", "message": "RequestID=e432f49b-c36b-4a56-a45b-1cd3ca00d6b7 | Method=GET | Path=/metrics | Latency=8.07 ms | Status=200"}
{"asctime": "2026-02-20 09:47:58,477", "levelname": "INFO", "name": "inference", "message": "RequestID=5dcf84b0-c0c2-4078-86fa-2b6b23b2966d | Method=GET | Path=/metrics | Latency=6.19 ms | Status=200"}
{"asctime": "2026-02-20 09:48:13,479", "levelname": "INFO", "name": "inference", "message": "RequestID=00d54308-1d8e-4855-841d-a68482ed3e23 | Method=GET | Path=/metrics | Latency=6.62 ms | Status=200"}
{"asctime": "2026-02-20 09:48:28,475", "levelname": "INFO", "name": "inference", "message": "RequestID=266485fd-a6f3-4d61-88e8-35ff9c56dc64 | Method=GET | Path=/metrics | Latency=6.55 ms | Status=200"}
{"asctime": "2026-02-20 09:48:43,482", "levelname": "INFO", "name": "inference", "message": "RequestID=fc5df4d4-58ef-4449-976a-fec6be4f4d3f | Method=GET | Path=/metrics | Latency=8.13 ms | Status=200"}
{"asctime": "2026-02-20 09:48:58,481", "levelname": "INFO", "name": "inference", "message": "RequestID=bf6af23e-2d5c-43b3-be34-efda9a87324d | Method=GET | Path=/metrics | Latency=7.84 ms | Status=200"}
{"asctime": "2026-02-20 09:49:13,481", "levelname": "INFO", "name": "inference", "message": "RequestID=90aed7cb-2526-479b-b4d5-a778d10992aa | Method=GET | Path=/metrics | Latency=7.74 ms | Status=200"}
{"asctime": "2026-02-20 09:49:28,481", "levelname": "INFO", "name": "inference", "message": "RequestID=24a09306-4fc0-4672-a39a-1c50ee669c31 | Method=GET | Path=/metrics | Latency=5.40 ms | Status=200"}
{"asctime": "2026-02-20 09:49:43,503", "levelname": "INFO", "name": "inference", "message": "RequestID=80c4c82c-e2d0-44aa-9c02-d3fdd425c88b | Method=GET | Path=/metrics | Latency=11.89 ms | Status=200"}
{"asctime": "2026-02-20 09:49:58,480", "levelname": "INFO", "name": "inference", "message": "RequestID=47af073d-a5b0-49af-8419-db5962540dd4 | Method=GET | Path=/metrics | Latency=8.94 ms | Status=200"}
{"asctime": "2026-02-20 09:50:13,471", "levelname": "INFO", "name": "inference", "message": "RequestID=97900e8c-2194-43eb-a0a2-ff99e8575b6c | Method=GET | Path=/metrics | Latency=4.91 ms | Status=200"}
{"asctime": "2026-02-20 09:50:28,466", "levelname": "INFO", "name": "inference", "message": "RequestID=a4961d15-1eef-4c82-85d8-18503c70c78a | Method=GET | Path=/metrics | Latency=2.89 ms | Status=200"}
{"asctime": "2026-02-20 09:50:43,472", "levelname": "INFO", "name": "inference", "message": "RequestID=44ec4d1e-f8b1-4e00-98e6-75200ff4ff73 | Method=GET | Path=/metrics | Latency=8.84 ms | Status=200"}
{"asctime": "2026-02-20 09:50:58,468", "levelname": "INFO", "name": "inference", "message": "RequestID=fa87478f-0cb9-4730-9e54-357bcf88e965 | Method=GET | Path=/metrics | Latency=3.56 ms | Status=200"}
{"asctime": "2026-02-20 09:51:13,476", "levelname": "INFO", "name": "inference", "message": "RequestID=34020abe-ec80-478f-aaf6-84b0a2f1f6c5 | Method=GET | Path=/metrics | Latency=6.75 ms | Status=200"}
{"asctime": "2026-02-20 09:51:28,474", "levelname": "INFO", "name": "inference", "message": "RequestID=054e34c7-c6a9-4467-ab5a-ae40fd7b2736 | Method=GET | Path=/metrics | Latency=5.98 ms | Status=200"}
{"asctime": "2026-02-20 09:51:43,470", "levelname": "INFO", "name": "inference", "message": "RequestID=9ad4146c-5386-4f34-b31c-0e1ca8a4bcb3 | Method=GET | Path=/metrics | Latency=3.87 ms | Status=200"}
{"asctime": "2026-02-20 09:51:58,468", "levelname": "INFO", "name": "inference", "message": "RequestID=e0c22f31-e47a-4b12-ab24-2a7d17c21652 | Method=GET | Path=/metrics | Latency=3.39 ms | Status=200"}
{"asctime": "2026-02-20 09:52:13,470", "levelname": "INFO", "name": "inference", "message": "RequestID=0b87456c-a364-4fdd-8400-9947e0449574 | Method=GET | Path=/metrics | Latency=4.61 ms | Status=200"}
{"asctime": "2026-02-20 09:52:28,466", "levelname": "INFO", "name": "inference", "message": "RequestID=de1504c7-d4f4-4e28-8c74-9b4d98a0cfc5 | Method=GET | Path=/metrics | Latency=2.92 ms | Status=200"}
{"asctime": "2026-02-20 09:52:43,468", "levelname": "INFO", "name": "inference", "message": "RequestID=73897070-7744-4c59-9aef-6ea4069a0f7b | Method=GET | Path=/metrics | Latency=3.09 ms | Status=200"}
{"asctime": "2026-02-20 09:52:58,469", "levelname": "INFO", "name": "inference", "message": "RequestID=54115832-9284-4ddc-9cf0-4ee50e85c801 | Method=GET | Path=/metrics | Latency=3.86 ms | Status=200"}
{"asctime": "2026-02-20 09:53:13,465", "levelname": "INFO", "name": "inference", "message": "RequestID=bb8ba39a-2047-41fa-bd7a-b2f818016c49 | Method=GET | Path=/metrics | Latency=3.11 ms | Status=200"}
{"asctime": "2026-02-20 09:53:28,471", "levelname": "INFO", "name": "inference", "message": "RequestID=b1f5f045-3d73-4e25-9034-93152550a121 | Method=GET | Path=/metrics | Latency=5.41 ms | Status=200"}
{"asctime": "2026-02-20 09:53:43,468", "levelname": "INFO", "name": "inference", "message": "RequestID=52a33652-79d3-4313-bc07-adba320bb2cf | Method=GET | Path=/metrics | Latency=3.81 ms | Status=200"}
{"asctime": "2026-02-20 09:53:58,481", "levelname": "INFO", "name": "inference", "message": "RequestID=18eb9abf-b2f0-4d15-a842-cace8695fec7 | Method=GET | Path=/metrics | Latency=7.85 ms | Status=200"}
{"asctime": "2026-02-20 09:54:13,482", "levelname": "INFO", "name": "inference", "message": "RequestID=f6fe76c2-bf5a-4aee-944a-7a2492533e85 | Method=GET | Path=/metrics | Latency=7.12 ms | Status=200"}
{"asctime": "2026-02-20 09:54:28,477", "levelname": "INFO", "name": "inference", "message": "RequestID=0eb0ec2e-51cf-43f9-ad9f-9c7062606d9b | Method=GET | Path=/metrics | Latency=5.86 ms | Status=200"}
{"asctime": "2026-02-20 09:54:43,480", "levelname": "INFO", "name": "inference", "message": "RequestID=7171490c-7f46-49a2-bccc-2f89e15d8115 | Method=GET | Path=/metrics | Latency=6.82 ms | Status=200"}
{"asctime": "2026-02-20 09:54:58,480", "levelname": "INFO", "name": "inference", "message": "RequestID=51dd42d5-3b85-4dcb-98cb-16028c3190d6 | Method=GET | Path=/metrics | Latency=7.36 ms | Status=200"}
{"asctime": "2026-02-20 09:55:13,480", "levelname": "INFO", "name": "inference", "message": "RequestID=10f5e4c8-1152-4230-a5f1-b90ba586df2a | Method=GET | Path=/metrics | Latency=7.21 ms | Status=200"}
{"asctime": "2026-02-20 09:55:28,476", "levelname": "INFO", "name": "inference", "message": "RequestID=fb14b83e-cc65-4567-8ad3-a166f19c5453 | Method=GET | Path=/metrics | Latency=5.98 ms | Status=200"}
{"asctime": "2026-02-20 09:55:43,479", "levelname": "INFO", "name": "inference", "message": "RequestID=a3d645a1-87bb-40e2-8957-61e6e65b6705 | Method=GET | Path=/metrics | Latency=6.72 ms | Status=200"}
{"asctime": "2026-02-20 09:55:58,476", "levelname": "INFO", "name": "inference", "message": "RequestID=66b99ef5-496b-40f3-a142-06aafdf03dfc | Method=GET | Path=/metrics | Latency=6.60 ms | Status=200"}
{"asctime": "2026-02-20 09:56:13,477", "levelname": "INFO", "name": "inference", "message": "RequestID=4082916f-5a27-40aa-97ac-b61b8702aa96 | Method=GET | Path=/metrics | Latency=6.48 ms | Status=200"}
{"asctime": "2026-02-20 09:56:28,475", "levelname": "INFO", "name": "inference", "message": "RequestID=25fef4b5-4e21-4a8c-8dd0-1a9a16a5814f | Method=GET | Path=/metrics | Latency=5.80 ms | Status=200"}
{"asctime": "2026-02-20 09:56:43,481", "levelname": "INFO", "name": "inference", "message": "RequestID=7870e108-b033-4fbd-bbba-6abfccaf68b9 | Method=GET | Path=/metrics | Latency=7.02 ms | Status=200"}
{"asctime": "2026-02-20 09:56:58,480", "levelname": "INFO", "name": "inference", "message": "RequestID=a1fcf64a-7944-4b47-a2f7-823911326259 | Method=GET | Path=/metrics | Latency=7.19 ms | Status=200"}
{"asctime": "2026-02-20 09:57:13,475", "levelname": "INFO", "name": "inference", "message": "RequestID=0f810aef-f102-4d3d-a3c4-3ef904cbc5df | Method=GET | Path=/metrics | Latency=5.55 ms | Status=200"}
{"asctime": "2026-02-20 09:57:28,480", "levelname": "INFO", "name": "inference", "message": "RequestID=7c8d14a0-d9b9-474e-9334-8d171b4ce692 | Method=GET | Path=/metrics | Latency=6.95 ms | Status=200"}
{"asctime": "2026-02-20 09:57:43,474", "levelname": "INFO", "name": "inference", "message": "RequestID=6fe92de3-fee9-4099-905f-b59914d3143e | Method=GET | Path=/metrics | Latency=5.86 ms | Status=200"}
{"asctime": "2026-02-20 09:57:58,474", "levelname": "INFO", "name": "inference", "message": "RequestID=82dea7e2-8689-4c7d-8275-fc8689001077 | Method=GET | Path=/metrics | Latency=5.13 ms | Status=200"}
{"asctime": "2026-02-20 09:58:13,479", "levelname": "INFO", "name": "inference", "message": "RequestID=a50b7f51-ea14-49f9-b202-11f968d88269 | Method=GET | Path=/metrics | Latency=7.52 ms | Status=200"}
{"asctime": "2026-02-20 09:58:28,475", "levelname": "INFO", "name": "inference", "message": "RequestID=a06aaf56-6581-4f5f-b8e6-f3c0ab88f035 | Method=GET | Path=/metrics | Latency=5.36 ms | Status=200"}
{"asctime": "2026-02-20 09:58:43,482", "levelname": "INFO", "name": "inference", "message": "RequestID=8c1ae5b8-8014-4acd-a1af-95ad83d0842b | Method=GET | Path=/metrics | Latency=7.48 ms | Status=200"}
{"asctime": "2026-02-20 09:58:58,476", "levelname": "INFO", "name": "inference", "message": "RequestID=a6bc91da-53d4-4999-9f14-f6675df4905f | Method=GET | Path=/metrics | Latency=5.84 ms | Status=200"}
{"asctime": "2026-02-20 09:59:13,477", "levelname": "INFO", "name": "inference", "message": "RequestID=07d85ef4-5ccf-4576-9e2e-ee09ca1a761a | Method=GET | Path=/metrics | Latency=5.37 ms | Status=200"}
{"asctime": "2026-02-20 09:59:28,483", "levelname": "INFO", "name": "inference", "message": "RequestID=e4919744-d66f-4deb-ba09-0bc8ef7e23c1 | Method=GET | Path=/metrics | Latency=10.07 ms | Status=200"}
{"asctime": "2026-02-20 09:59:43,476", "levelname": "INFO", "name": "inference", "message": "RequestID=05f7a4e5-da47-4efb-8de2-b83027b91745 | Method=GET | Path=/metrics | Latency=5.32 ms | Status=200"}
{"asctime": "2026-02-20 09:59:58,477", "levelname": "INFO", "name": "inference", "message": "RequestID=9f6b1f24-dcc2-440a-b224-99870f2221e8 | Method=GET | Path=/metrics | Latency=6.88 ms | Status=200"}
{"asctime": "2026-02-20 10:00:13,476", "levelname": "INFO", "name": "inference", "message": "RequestID=7d0b3d1b-61d4-43ae-a35b-b9ce023c62b5 | Method=GET | Path=/metrics | Latency=7.32 ms | Status=200"}
{"asctime": "2026-02-20 10:00:28,474", "levelname": "INFO", "name": "inference", "message": "RequestID=90b3368d-7605-4618-be9a-eb362f799e61 | Method=GET | Path=/metrics | Latency=5.42 ms | Status=200"}
{"asctime": "2026-02-20 10:00:43,507", "levelname": "INFO", "name": "inference", "message": "RequestID=58fb7119-82b8-416c-88c1-fb606521c835 | Method=GET | Path=/metrics | Latency=13.43 ms | Status=200"}
{"asctime": "2026-02-20 10:00:58,485", "levelname": "INFO", "name": "inference", "message": "RequestID=b6d71f21-7dec-40ef-962b-3f6726fd849d | Method=GET | Path=/metrics | Latency=7.87 ms | Status=200"}
{"asctime": "2026-02-20 10:01:13,475", "levelname": "INFO", "name": "inference", "message": "RequestID=0d06c07b-cfd9-41fd-82c2-df198c7c249f | Method=GET | Path=/metrics | Latency=6.09 ms | Status=200"}
{"asctime": "2026-02-20 10:01:28,477", "levelname": "INFO", "name": "inference", "message": "RequestID=f97791bc-0c6f-4a1f-b338-4dbd3029d3c2 | Method=GET | Path=/metrics | Latency=6.25 ms | Status=200"}
{"asctime": "2026-02-20 10:01:43,481", "levelname": "INFO", "name": "inference", "message": "RequestID=ca34fd7d-bf03-48c9-991f-d97962c7a5ec | Method=GET | Path=/metrics | Latency=8.66 ms | Status=200"}
{"asctime": "2026-02-20 10:01:58,481", "levelname": "INFO", "name": "inference", "message": "RequestID=03add5cd-090c-4623-9a76-c5b3483cf01e | Method=GET | Path=/metrics | Latency=7.50 ms | Status=200"}
{"asctime": "2026-02-20 10:02:13,476", "levelname": "INFO", "name": "inference", "message": "RequestID=438b06d3-95e6-4e17-acef-5b69db4db2e5 | Method=GET | Path=/metrics | Latency=5.99 ms | Status=200"}
{"asctime": "2026-02-20 10:02:28,476", "levelname": "INFO", "name": "inference", "message": "RequestID=e1089690-48b9-423a-9c6d-d21e2d596ba0 | Method=GET | Path=/metrics | Latency=6.16 ms | Status=200"}
{"asctime": "2026-02-20 10:02:43,474", "levelname": "INFO", "name": "inference", "message": "RequestID=1f792360-a476-4e85-9c21-7d923d064d1d | Method=GET | Path=/metrics | Latency=6.17 ms | Status=200"}
{"asctime": "2026-02-20 10:02:58,478", "levelname": "INFO", "name": "inference", "message": "RequestID=b19f6156-19bc-45cc-95b4-542a3ef31a9e | Method=GET | Path=/metrics | Latency=6.01 ms | Status=200"}
{"asctime": "2026-02-20 10:03:13,476", "levelname": "INFO", "name": "inference", "message": "RequestID=e6f3fcb7-debc-4a07-b891-73aebb548666 | Method=GET | Path=/metrics | Latency=6.61 ms | Status=200"}
{"asctime": "2026-02-20 10:03:28,478", "levelname": "INFO", "name": "inference", "message": "RequestID=0ce0f3ae-a4b8-4c5e-8dfa-05d5dd1761ca | Method=GET | Path=/metrics | Latency=6.71 ms | Status=200"}
{"asctime": "2026-02-20 10:03:43,484", "levelname": "INFO", "name": "inference", "message": "RequestID=2a1e50a8-d37f-4380-bd22-cbed243e5faa | Method=GET | Path=/metrics | Latency=8.95 ms | Status=200"}
{"asctime": "2026-02-20 10:03:58,488", "levelname": "INFO", "name": "inference", "message": "RequestID=e0345d8a-e173-4833-8c2f-0d344b76bc31 | Method=GET | Path=/metrics | Latency=14.73 ms | Status=200"}
{"asctime": "2026-02-20 10:04:13,480", "levelname": "INFO", "name": "inference", "message": "RequestID=04093b4e-5836-4639-9535-5bf7e2f2ceb4 | Method=GET | Path=/metrics | Latency=8.12 ms | Status=200"}
{"asctime": "2026-02-20 10:04:28,478", "levelname": "INFO", "name": "inference", "message": "RequestID=6fa819c9-8d2c-477d-881f-7c60ad71554d | Method=GET | Path=/metrics | Latency=6.22 ms | Status=200"}
{"asctime": "2026-02-20 10:04:43,469", "levelname": "INFO", "name": "inference", "message": "RequestID=fa54bf90-2257-42c8-a47f-3a21a2233e65 | Method=GET | Path=/metrics | Latency=4.67 ms | Status=200"}
{"asctime": "2026-02-20 10:04:58,479", "levelname": "INFO", "name": "inference", "message": "RequestID=1f4397bf-58b0-4448-b97c-2da9d51086c9 | Method=GET | Path=/metrics | Latency=8.78 ms | Status=200"}
{"asctime": "2026-02-20 10:05:13,481", "levelname": "INFO", "name": "inference", "message": "RequestID=c7f35677-8200-47ce-986e-9cfc2fb1dd9b | Method=GET | Path=/metrics | Latency=7.71 ms | Status=200"}
{"asctime": "2026-02-20 10:05:28,479", "levelname": "INFO", "name": "inference", "message": "RequestID=162bb81d-651e-4956-b474-e0a29318eca5 | Method=GET | Path=/metrics | Latency=7.21 ms | Status=200"}
{"asctime": "2026-02-20 10:05:43,477", "levelname": "INFO", "name": "inference", "message": "RequestID=4cc74f01-99a9-44b6-a286-465cf6251caa | Method=GET | Path=/metrics | Latency=5.63 ms | Status=200"}
{"asctime": "2026-02-20 10:05:58,475", "levelname": "INFO", "name": "inference", "message": "RequestID=1ffb8bc2-880b-44e0-ac74-2ebfacc70abb | Method=GET | Path=/metrics | Latency=5.38 ms | Status=200"}
{"asctime": "2026-02-20 10:06:13,484", "levelname": "INFO", "name": "inference", "message": "RequestID=af9046e4-88e1-4689-b699-7de51705134f | Method=GET | Path=/metrics | Latency=9.07 ms | Status=200"}
{"asctime": "2026-02-20 10:06:28,468", "levelname": "INFO", "name": "inference", "message": "RequestID=cbd78925-6257-4586-938c-9a34efaf9f89 | Method=GET | Path=/metrics | Latency=4.26 ms | Status=200"}
{"asctime": "2026-02-20 10:06:43,476", "levelname": "INFO", "name": "inference", "message": "RequestID=ea023140-92c8-4fd2-a1fb-b74af9ba3cf1 | Method=GET | Path=/metrics | Latency=5.51 ms | Status=200"}
{"asctime": "2026-02-20 10:06:58,479", "levelname": "INFO", "name": "inference", "message": "RequestID=b60f24b5-8e3d-4b7b-b29a-be90feca86fd | Method=GET | Path=/metrics | Latency=7.19 ms | Status=200"}
{"asctime": "2026-02-20 10:07:13,479", "levelname": "INFO", "name": "inference", "message": "RequestID=2e464b11-bf2c-4805-95de-b24f4b99c294 | Method=GET | Path=/metrics | Latency=7.27 ms | Status=200"}
{"asctime": "2026-02-20 10:07:28,472", "levelname": "INFO", "name": "inference", "message": "RequestID=dbf06c54-2665-4484-b35a-2677141e27f4 | Method=GET | Path=/metrics | Latency=4.74 ms | Status=200"}
{"asctime": "2026-02-20 10:07:43,473", "levelname": "INFO", "name": "inference", "message": "RequestID=dd178bfe-5d33-4cdc-ac23-2d7bee632f3c | Method=GET | Path=/metrics | Latency=5.93 ms | Status=200"}
{"asctime": "2026-02-20 10:07:58,479", "levelname": "INFO", "name": "inference", "message": "RequestID=8d7f197f-770e-4df3-97bf-378e6b9f98c2 | Method=GET | Path=/metrics | Latency=6.71 ms | Status=200"}
{"asctime": "2026-02-20 10:08:13,472", "levelname": "INFO", "name": "inference", "message": "RequestID=36203f40-a90e-4fea-ac83-218882b603ff | Method=GET | Path=/metrics | Latency=4.60 ms | Status=200"}
{"asctime": "2026-02-20 10:08:28,471", "levelname": "INFO", "name": "inference", "message": "RequestID=e312c78d-b827-4aee-8b26-c340cf8b8b05 | Method=GET | Path=/metrics | Latency=5.45 ms | Status=200"}
{"asctime": "2026-02-20 10:08:43,481", "levelname": "INFO", "name": "inference", "message": "RequestID=1ccd7894-aa3e-4a06-91f3-ba3d6684a56b | Method=GET | Path=/metrics | Latency=8.32 ms | Status=200"}
{"asctime": "2026-02-20 10:08:58,488", "levelname": "INFO", "name": "inference", "message": "RequestID=00e69756-b753-45e1-a0c3-76ddd88c7bda | Method=GET | Path=/metrics | Latency=10.38 ms | Status=200"}
{"asctime": "2026-02-20 10:09:13,478", "levelname": "INFO", "name": "inference", "message": "RequestID=265d31d9-7ce9-449c-a637-582b961e6577 | Method=GET | Path=/metrics | Latency=6.00 ms | Status=200"}
{"asctime": "2026-02-20 10:09:28,488", "levelname": "INFO", "name": "inference", "message": "RequestID=1eef44d4-5920-43ad-9927-29baae0872a1 | Method=GET | Path=/metrics | Latency=5.01 ms | Status=200"}
{"asctime": "2026-02-20 10:09:43,479", "levelname": "INFO", "name": "inference", "message": "RequestID=7136d5a3-8f38-400d-ac88-27d92409f3de | Method=GET | Path=/metrics | Latency=6.45 ms | Status=200"}
{"asctime": "2026-02-20 10:09:58,476", "levelname": "INFO", "name": "inference", "message": "RequestID=df887e3e-a927-42b6-ae0a-aca9ad9fd02d | Method=GET | Path=/metrics | Latency=5.63 ms | Status=200"}
{"asctime": "2026-02-20 10:10:13,478", "levelname": "INFO", "name": "inference", "message": "RequestID=1e517d32-8b24-4824-8e73-b70e0c4d4fc9 | Method=GET | Path=/metrics | Latency=7.04 ms | Status=200"}
{"asctime": "2026-02-20 10:10:28,469", "levelname": "INFO", "name": "inference", "message": "RequestID=b5dca1ee-23e6-4d3e-83cb-04d78df6f83b | Method=GET | Path=/metrics | Latency=3.47 ms | Status=200"}
{"asctime": "2026-02-20 10:10:43,481", "levelname": "INFO", "name": "inference", "message": "RequestID=943c2779-f004-42c9-9474-a456551ad270 | Method=GET | Path=/metrics | Latency=3.95 ms | Status=200"}
{"asctime": "2026-02-20 10:10:58,480", "levelname": "INFO", "name": "inference", "message": "RequestID=8d857ba5-68fe-4a5f-8d25-b4ba0e6f4ade | Method=GET | Path=/metrics | Latency=6.49 ms | Status=200"}
{"asctime": "2026-02-20 10:11:13,464", "levelname": "INFO", "name": "inference", "message": "RequestID=1ce61085-2e1e-4336-a666-0551a3fd9328 | Method=GET | Path=/metrics | Latency=2.60 ms | Status=200"}
{"asctime": "2026-02-20 10:11:28,467", "levelname": "INFO", "name": "inference", "message": "RequestID=c6b00273-c9f7-4b25-b55c-022dbc7859f5 | Method=GET | Path=/metrics | Latency=3.75 ms | Status=200"}
{"asctime": "2026-02-20 10:11:43,471", "levelname": "INFO", "name": "inference", "message": "RequestID=4e6d1b62-0c5b-4e1a-ba9d-3f94f4e539b0 | Method=GET | Path=/metrics | Latency=4.73 ms | Status=200"}
{"asctime": "2026-02-20 10:11:58,467", "levelname": "INFO", "name": "inference", "message": "RequestID=cf76e94d-9041-404b-9a84-e319a1e76b7e | Method=GET | Path=/metrics | Latency=3.15 ms | Status=200"}
{"asctime": "2026-02-20 10:12:13,471", "levelname": "INFO", "name": "inference", "message": "RequestID=06ceeb9d-2cb2-4847-a9ca-1da1778cf9ec | Method=GET | Path=/metrics | Latency=3.92 ms | Status=200"}
{"asctime": "2026-02-20 10:12:28,473", "levelname": "INFO", "name": "inference", "message": "RequestID=288f9c5b-390b-4c11-ab69-da21d4d6e0c5 | Method=GET | Path=/metrics | Latency=5.12 ms | Status=200"}
{"asctime": "2026-02-20 10:12:43,469", "levelname": "INFO", "name": "inference", "message": "RequestID=973580c3-f941-46fc-84aa-0da32f48da40 | Method=GET | Path=/metrics | Latency=3.62 ms | Status=200"}
{"asctime": "2026-02-20 10:12:58,466", "levelname": "INFO", "name": "inference", "message": "RequestID=8a5dfb70-23ff-49ec-96d8-789a13f58deb | Method=GET | Path=/metrics | Latency=2.96 ms | Status=200"}
{"asctime": "2026-02-20 10:13:13,470", "levelname": "INFO", "name": "inference", "message": "RequestID=ab914557-c7af-47a3-89cb-61a2f062cd3c | Method=GET | Path=/metrics | Latency=3.60 ms | Status=200"}
{"asctime": "2026-02-20 10:13:28,469", "levelname": "INFO", "name": "inference", "message": "RequestID=26e81a6b-8a16-4cc2-ab9e-15d075882b7c | Method=GET | Path=/metrics | Latency=3.67 ms | Status=200"}
{"asctime": "2026-02-20 10:13:43,469", "levelname": "INFO", "name": "inference", "message": "RequestID=5330e980-5184-4fc5-a021-898b2a0f02dd | Method=GET | Path=/metrics | Latency=4.67 ms | Status=200"}
{"asctime": "2026-02-20 10:13:58,467", "levelname": "INFO", "name": "inference", "message": "RequestID=409cadbb-1898-44b7-bd63-a5d69c1e279c | Method=GET | Path=/metrics | Latency=4.05 ms | Status=200"}
{"asctime": "2026-02-20 10:14:13,475", "levelname": "INFO", "name": "inference", "message": "RequestID=376fe812-fce2-43c3-bb93-c9a2f8895f75 | Method=GET | Path=/metrics | Latency=4.29 ms | Status=200"}
{"asctime": "2026-02-20 10:14:28,472", "levelname": "INFO", "name": "inference", "message": "RequestID=19be0624-2591-4d19-ab8c-4a23207d8972 | Method=GET | Path=/metrics | Latency=4.75 ms | Status=200"}
{"asctime": "2026-02-20 10:14:43,471", "levelname": "INFO", "name": "inference", "message": "RequestID=2e0a1fb8-13ea-429f-84c6-fbd3721148be | Method=GET | Path=/metrics | Latency=3.82 ms | Status=200"}
{"asctime": "2026-02-20 10:14:58,478", "levelname": "INFO", "name": "inference", "message": "RequestID=086b108b-ba27-4b10-bf51-92d83ac29972 | Method=GET | Path=/metrics | Latency=6.73 ms | Status=200"}
{"asctime": "2026-02-20 10:15:13,483", "levelname": "INFO", "name": "inference", "message": "RequestID=91fff9cc-f187-46ca-b92e-4af58f00eb12 | Method=GET | Path=/metrics | Latency=9.09 ms | Status=200"}
{"asctime": "2026-02-20 10:15:28,479", "levelname": "INFO", "name": "inference", "message": "RequestID=01d344fe-4fa3-45f4-97a6-0cd47a28d340 | Method=GET | Path=/metrics | Latency=7.22 ms | Status=200"}
{"asctime": "2026-02-20 10:15:43,479", "levelname": "INFO", "name": "inference", "message": "RequestID=9a22fba8-03e1-48ac-8704-8fe0267341eb | Method=GET | Path=/metrics | Latency=7.12 ms | Status=200"}
{"asctime": "2026-02-20 10:15:58,476", "levelname": "INFO", "name": "inference", "message": "RequestID=fc3ce0c0-ff44-475c-b64f-5fbd37505c83 | Method=GET | Path=/metrics | Latency=6.45 ms | Status=200"}
{"asctime": "2026-02-20 10:16:13,477", "levelname": "INFO", "name": "inference", "message": "RequestID=5f8c152f-3a08-4883-9fed-95d1b60e8f04 | Method=GET | Path=/metrics | Latency=5.99 ms | Status=200"}
{"asctime": "2026-02-20 10:16:28,481", "levelname": "INFO", "name": "inference", "message": "RequestID=3e56f121-75a6-4782-ae8e-c4b19e340dd8 | Method=GET | Path=/metrics | Latency=7.75 ms | Status=200"}
{"asctime": "2026-02-20 10:16:43,484", "levelname": "INFO", "name": "inference", "message": "RequestID=eafb7045-467f-43e3-84d2-e7b9169a9252 | Method=GET | Path=/metrics | Latency=9.54 ms | Status=200"}
{"asctime": "2026-02-20 10:16:58,477", "levelname": "INFO", "name": "inference", "message": "RequestID=2509b20d-dc71-4b95-aaca-c4dd838cb597 | Method=GET | Path=/metrics | Latency=6.05 ms | Status=200"}
{"asctime": "2026-02-20 10:17:10,972", "levelname": "INFO", "name": "inference", "message": "inference_event", "region": "jakarta_pusat", "model_version": "v1.0.0", "request_id": "d5a7dee8-98cc-45df-8c8c-2e46bc2fe249", "predicted_price": 3696061.46}
{"asctime": "2026-02-20 10:17:10,974", "levelname": "INFO", "name": "inference", "message": "RequestID=d5a7dee8-98cc-45df-8c8c-2e46bc2fe249 | Method=POST | Path=/predict/jakarta_pusat | Latency=245.04 ms | Status=200"}
{"asctime": "2026-02-20 10:17:13,477", "levelname": "INFO", "name": "inference", "message": "RequestID=b9391556-4156-4c9d-a65b-42b94edb9dd5 | Method=GET | Path=/metrics | Latency=6.68 ms | Status=200"}
{"asctime": "2026-02-20 10:17:15,862", "levelname": "INFO", "name": "inference", "message": "inference_event", "region": "jakarta_pusat", "model_version": "v1.0.0", "request_id": "ab4b41ef-2e9c-426a-80d8-07e46ece4d1d", "predicted_price": 2744349.18}
{"asctime": "2026-02-20 10:17:15,867", "levelname": "INFO", "name": "inference", "message": "RequestID=ab4b41ef-2e9c-426a-80d8-07e46ece4d1d | Method=POST | Path=/predict/jakarta_pusat | Latency=127.61 ms | Status=200"}
{"asctime": "2026-02-20 10:17:19,150", "levelname": "INFO", "name": "inference", "message": "inference_event", "region": "jakarta_pusat", "model_version": "v1.0.0", "request_id": "a92ebafc-2fc4-4fb3-a1e2-e7ff0a0ab24e", "predicted_price": 3308499.76}
{"asctime": "2026-02-20 10:17:19,151", "levelname": "INFO", "name": "inference", "message": "RequestID=a92ebafc-2fc4-4fb3-a1e2-e7ff0a0ab24e | Method=POST | Path=/predict/jakarta_pusat | Latency=90.55 ms | Status=200"}
{"asctime": "2026-02-20 10:17:24,715", "levelname": "INFO", "name": "inference", "message": "inference_event", "region": "jakarta_pusat", "model_version": "v1.0.0", "request_id": "b11631bb-bc0e-48a4-89f3-fbd94fd6fce9", "predicted_price": 2528263.81}
{"asctime": "2026-02-20 10:17:24,719", "levelname": "INFO", "name": "inference", "message": "RequestID=b11631bb-bc0e-48a4-89f3-fbd94fd6fce9 | Method=POST | Path=/predict/jakarta_pusat | Latency=90.29 ms | Status=200"}
{"asctime": "2026-02-20 10:17:28,472", "levelname": "INFO", "name": "inference", "message": "RequestID=83d6708a-ac2e-49ab-ba95-f797f5abe750 | Method=GET | Path=/metrics | Latency=5.09 ms | Status=200"}
{"asctime": "2026-02-20 10:17:29,418", "levelname": "INFO", "name": "inference", "message": "inference_event", "region": "jakarta_pusat", "model_version": "v1.0.0", "request_id": "0e51a349-e402-4283-b92a-6ffd19a53f0e", "predicted_price": 2532805.73}
{"asctime": "2026-02-20 10:17:29,420", "levelname": "INFO", "name": "inference", "message": "RequestID=0e51a349-e402-4283-b92a-6ffd19a53f0e | Method=POST | Path=/predict/jakarta_pusat | Latency=106.11 ms | Status=200"}
{"asctime": "2026-02-20 10:17:35,541", "levelname": "INFO", "name": "inference", "message": "inference_event", "region": "yogyakarta", "model_version": "v1.0.0", "request_id": "9060e297-6bb5-4666-bcde-0768904e5558", "predicted_price": 1364050.51}
{"asctime": "2026-02-20 10:17:35,547", "levelname": "INFO", "name": "inference", "message": "RequestID=9060e297-6bb5-4666-bcde-0768904e5558 | Method=POST | Path=/predict/yogyakarta | Latency=169.48 ms | Status=200"}
{"asctime": "2026-02-20 10:17:43,475", "levelname": "INFO", "name": "inference", "message": "RequestID=cf15d213-3666-4978-980f-3a05f0910791 | Method=GET | Path=/metrics | Latency=5.92 ms | Status=200"}
{"asctime": "2026-02-20 10:17:58,478", "levelname": "INFO", "name": "inference", "message": "RequestID=ccbf1ff1-9633-470b-b2f2-58fbe5c1ca40 | Method=GET | Path=/metrics | Latency=6.82 ms | Status=200"}
{"asctime": "2026-02-20 10:18:13,479", "levelname": "INFO", "name": "inference", "message": "RequestID=b18fbf26-de93-441b-8e0d-a69e904c7140 | Method=GET | Path=/metrics | Latency=6.70 ms | Status=200"}
{"asctime": "2026-02-20 10:18:28,476", "levelname": "INFO", "name": "inference", "message": "RequestID=90ad12fd-c4a9-45e6-8bd5-07677cda5abe | Method=GET | Path=/metrics | Latency=5.94 ms | Status=200"}
{"asctime": "2026-02-20 10:18:43,479", "levelname": "INFO", "name": "inference", "message": "RequestID=8134cf39-dc32-4b25-ae7e-9cb545897586 | Method=GET | Path=/metrics | Latency=6.97 ms | Status=200"}
{"asctime": "2026-02-20 10:18:58,480", "levelname": "INFO", "name": "inference", "message": "RequestID=c96f93ef-2859-4108-826f-da06d255a025 | Method=GET | Path=/metrics | Latency=5.49 ms | Status=200"}
{"asctime": "2026-02-20 10:19:13,481", "levelname": "INFO", "name": "inference", "message": "RequestID=923fca94-adbf-4be1-92ab-8f7109d6a0e4 | Method=GET | Path=/metrics | Latency=6.57 ms | Status=200"}
{"asctime": "2026-02-20 10:19:28,481", "levelname": "INFO", "name": "inference", "message": "RequestID=aefa3a5e-7704-4536-8a41-2179e41212ef | Method=GET | Path=/metrics | Latency=6.98 ms | Status=200"}
{"asctime": "2026-02-20 10:19:43,489", "levelname": "INFO", "name": "inference", "message": "RequestID=6f657500-a4ad-4222-be62-699bc27966a2 | Method=GET | Path=/metrics | Latency=10.17 ms | Status=200"}
{"asctime": "2026-02-20 10:19:58,487", "levelname": "INFO", "name": "inference", "message": "RequestID=f3374c81-c14f-416a-a034-873a941fdddf | Method=GET | Path=/metrics | Latency=10.17 ms | Status=200"}
{"asctime": "2026-02-20 10:20:13,491", "levelname": "INFO", "name": "inference", "message": "RequestID=a943fbef-8f2c-40c4-932c-a50849b9721e | Method=GET | Path=/metrics | Latency=9.51 ms | Status=200"}
{"asctime": "2026-02-20 10:20:28,479", "levelname": "INFO", "name": "inference", "message": "RequestID=2fbb7ee9-6f18-41b7-b4a5-cd2f1633eb78 | Method=GET | Path=/metrics | Latency=8.91 ms | Status=200"}
{"asctime": "2026-02-20 10:20:43,480", "levelname": "INFO", "name": "inference", "message": "RequestID=aa41bb21-a62d-45a1-a492-ea03dffe64b9 | Method=GET | Path=/metrics | Latency=2.91 ms | Status=200"}
{"asctime": "2026-02-20 10:20:58,494", "levelname": "INFO", "name": "inference", "message": "RequestID=7286ae8f-91fb-4c46-8c8a-e85b4b65d92a | Method=GET | Path=/metrics | Latency=12.04 ms | Status=200"}
{"asctime": "2026-02-20 10:21:13,485", "levelname": "INFO", "name": "inference", "message": "RequestID=7964a0ce-e882-4f53-b722-4d1ea4eeb1d0 | Method=GET | Path=/metrics | Latency=9.88 ms | Status=200"}
{"asctime": "2026-02-20 10:21:28,497", "levelname": "INFO", "name": "inference", "message": "RequestID=e26c4e9b-2ffa-465a-8e34-9385048b31d3 | Method=GET | Path=/metrics | Latency=12.81 ms | Status=200"}
{"asctime": "2026-02-20 10:21:43,485", "levelname": "INFO", "name": "inference", "message": "RequestID=5f6af508-928e-4aca-b64b-ca8176b8350e | Method=GET | Path=/metrics | Latency=8.86 ms | Status=200"}
{"asctime": "2026-02-20 10:21:58,480", "levelname": "INFO", "name": "inference", "message": "RequestID=27d8321f-39ba-4fbd-ab8f-9658874276ac | Method=GET | Path=/metrics | Latency=3.86 ms | Status=200"}
{"asctime": "2026-02-20 10:22:13,472", "levelname": "INFO", "name": "inference", "message": "RequestID=015a4d56-553c-4011-91f4-aa8105a3c2f2 | Method=GET | Path=/metrics | Latency=4.90 ms | Status=200"}
{"asctime": "2026-02-20 10:22:28,487", "levelname": "INFO", "name": "inference", "message": "RequestID=d8ac4d7c-7080-4b78-8e54-5c645b8d7aad | Method=GET | Path=/metrics | Latency=7.10 ms | Status=200"}
{"asctime": "2026-02-20 10:22:43,494", "levelname": "INFO", "name": "inference", "message": "RequestID=0e8e47ce-9739-44e4-b080-aca3bdc93808 | Method=GET | Path=/metrics | Latency=9.93 ms | Status=200"}
{"asctime": "2026-02-20 10:22:58,495", "levelname": "INFO", "name": "inference", "message": "RequestID=04458dc7-61af-4f4b-8231-82b0e140d6ea | Method=GET | Path=/metrics | Latency=9.06 ms | Status=200"}
{"asctime": "2026-02-20 10:23:13,480", "levelname": "INFO", "name": "inference", "message": "RequestID=c2466309-22d3-4bcb-a661-95d61a91ef27 | Method=GET | Path=/metrics | Latency=6.94 ms | Status=200"}
{"asctime": "2026-02-20 10:23:28,483", "levelname": "INFO", "name": "inference", "message": "RequestID=a2c17e38-7b75-4a3d-8948-cdb764911942 | Method=GET | Path=/metrics | Latency=10.33 ms | Status=200"}
{"asctime": "2026-02-20 10:23:43,480", "levelname": "INFO", "name": "inference", "message": "RequestID=da7ca8a7-a2b8-4498-9dcf-0302afd1c35c | Method=GET | Path=/metrics | Latency=9.29 ms | Status=200"}
{"asctime": "2026-02-20 10:23:58,480", "levelname": "INFO", "name": "inference", "message": "RequestID=060854f5-0818-44c6-8cd0-62556cad7565 | Method=GET | Path=/metrics | Latency=7.30 ms | Status=200"}
{"asctime": "2026-02-20 10:24:13,471", "levelname": "INFO", "name": "inference", "message": "RequestID=d796c8f8-7c99-414d-b291-790ebc376ca6 | Method=GET | Path=/metrics | Latency=5.18 ms | Status=200"}
{"asctime": "2026-02-20 10:24:28,488", "levelname": "INFO", "name": "inference", "message": "RequestID=f22d3fce-9551-45a8-b1f7-723c38b0d625 | Method=GET | Path=/metrics | Latency=10.85 ms | Status=200"}
{"asctime": "2026-02-20 10:24:43,476", "levelname": "INFO", "name": "inference", "message": "RequestID=4f1e1434-5a60-4400-97cb-f6218fa6deb0 | Method=GET | Path=/metrics | Latency=5.54 ms | Status=200"}
{"asctime": "2026-02-20 10:24:58,491", "levelname": "INFO", "name": "inference", "message": "RequestID=baa84d54-c752-4b76-aa1b-02a86408ef67 | Method=GET | Path=/metrics | Latency=11.17 ms | Status=200"}
{"asctime": "2026-02-20 10:25:13,484", "levelname": "INFO", "name": "inference", "message": "RequestID=90d1de77-8343-4f35-8db6-be57e8964a34 | Method=GET | Path=/metrics | Latency=9.32 ms | Status=200"}
{"asctime": "2026-02-20 10:25:28,474", "levelname": "INFO", "name": "inference", "message": "RequestID=3cbd621a-5503-4b05-9587-6aa7abc06fd2 | Method=GET | Path=/metrics | Latency=5.63 ms | Status=200"}
{"asctime": "2026-02-20 10:25:43,475", "levelname": "INFO", "name": "inference", "message": "RequestID=d561624b-c4f2-4797-a427-3de09aa4ac4a | Method=GET | Path=/metrics | Latency=5.07 ms | Status=200"}
{"asctime": "2026-02-20 10:25:58,491", "levelname": "INFO", "name": "inference", "message": "RequestID=c2666033-ffe7-4f02-978e-ccab718a493c | Method=GET | Path=/metrics | Latency=11.44 ms | Status=200"}
{"asctime": "2026-02-20 10:26:13,488", "levelname": "INFO", "name": "inference", "message": "RequestID=851b3c6a-c78e-4316-88b2-798452088ab0 | Method=GET | Path=/metrics | Latency=12.31 ms | Status=200"}
{"asctime": "2026-02-20 10:26:28,506", "levelname": "INFO", "name": "inference", "message": "RequestID=5ba853b9-416f-4a5e-909b-8ec5ecfd98fb | Method=GET | Path=/metrics | Latency=17.92 ms | Status=200"}
{"asctime": "2026-02-20 10:26:43,476", "levelname": "INFO", "name": "inference", "message": "RequestID=0eb0b1ed-6936-4204-9e54-da95f31fd955 | Method=GET | Path=/metrics | Latency=5.01 ms | Status=200"}
{"asctime": "2026-02-20 10:26:58,474", "levelname": "INFO", "name": "inference", "message": "RequestID=cdff12c7-998b-4ac3-9a6c-870253c1c639 | Method=GET | Path=/metrics | Latency=6.35 ms | Status=200"}
{"asctime": "2026-02-20 10:27:13,478", "levelname": "INFO", "name": "inference", "message": "RequestID=4d64acb2-95e1-4a63-85f3-40893b3aaa0a | Method=GET | Path=/metrics | Latency=5.60 ms | Status=200"}
{"asctime": "2026-02-20 10:27:28,472", "levelname": "INFO", "name": "inference", "message": "RequestID=8e42347b-d6a7-4b32-95dd-14286c35247e | Method=GET | Path=/metrics | Latency=3.64 ms | Status=200"}
{"asctime": "2026-02-20 10:27:43,474", "levelname": "INFO", "name": "inference", "message": "RequestID=b44df8c1-425c-479f-ba56-956bed57b6c0 | Method=GET | Path=/metrics | Latency=4.83 ms | Status=200"}
{"asctime": "2026-02-20 10:27:58,474", "levelname": "INFO", "name": "inference", "message": "RequestID=c5379b68-2672-49a8-aa14-c0543e8faa2d | Method=GET | Path=/metrics | Latency=4.95 ms | Status=200"}
{"asctime": "2026-02-20 10:28:13,500", "levelname": "INFO", "name": "inference", "message": "RequestID=c0d3624c-aa84-47be-bfe6-b42cde51d939 | Method=GET | Path=/metrics | Latency=10.35 ms | Status=200"}
{"asctime": "2026-02-20 10:28:28,485", "levelname": "INFO", "name": "inference", "message": "RequestID=9a5bc63f-0153-461e-aa1d-850b8f931aff | Method=GET | Path=/metrics | Latency=7.21 ms | Status=200"}
{"asctime": "2026-02-20 10:28:43,497", "levelname": "INFO", "name": "inference", "message": "RequestID=1c158065-a3bf-4bb7-868f-65b5d36125dd | Method=GET | Path=/metrics | Latency=13.57 ms | Status=200"}
{"asctime": "2026-02-20 10:28:58,467", "levelname": "INFO", "name": "inference", "message": "RequestID=899c4fa9-7f0a-403b-85ac-65af63a17865 | Method=GET | Path=/metrics | Latency=3.55 ms | Status=200"}
{"asctime": "2026-02-20 10:29:13,509", "levelname": "INFO", "name": "inference", "message": "RequestID=3a32ee37-0419-483f-a34d-3aebea9259b4 | Method=GET | Path=/metrics | Latency=11.82 ms | Status=200"}
{"asctime": "2026-02-20 10:29:28,517", "levelname": "INFO", "name": "inference", "message": "RequestID=bfb6ebb7-ddaf-4bd3-86af-acd44dddd531 | Method=GET | Path=/metrics | Latency=6.58 ms | Status=200"}
{"asctime": "2026-02-20 10:29:43,479", "levelname": "INFO", "name": "inference", "message": "RequestID=a13b9c9b-3d55-44de-95ac-1f975920e5af | Method=GET | Path=/metrics | Latency=7.62 ms | Status=200"}
{"asctime": "2026-02-20 10:29:58,495", "levelname": "INFO", "name": "inference", "message": "RequestID=b687420e-29ea-4dcd-a878-6f694e3533d7 | Method=GET | Path=/metrics | Latency=10.44 ms | Status=200"}
{"asctime": "2026-02-20 10:30:13,483", "levelname": "INFO", "name": "inference", "message": "RequestID=c02ee443-4e9d-4985-a53b-cb51d9d15898 | Method=GET | Path=/metrics | Latency=7.67 ms | Status=200"}
{"asctime": "2026-02-20 10:30:28,482", "levelname": "INFO", "name": "inference", "message": "RequestID=04352f10-f42c-4690-b9e4-d1e8d6acf939 | Method=GET | Path=/metrics | Latency=8.25 ms | Status=200"}
{"asctime": "2026-02-20 10:30:43,477", "levelname": "INFO", "name": "inference", "message": "RequestID=00982da4-64a1-4f27-b7d2-504dc1cc5c3f | Method=GET | Path=/metrics | Latency=3.64 ms | Status=200"}
{"asctime": "2026-02-20 10:30:58,479", "levelname": "INFO", "name": "inference", "message": "RequestID=ed9efdc5-87b4-43e1-b3f8-6d6967289d35 | Method=GET | Path=/metrics | Latency=6.86 ms | Status=200"}
{"asctime": "2026-02-20 10:31:13,478", "levelname": "INFO", "name": "inference", "message": "RequestID=3287677a-8237-4359-80e8-35b14b2bc555 | Method=GET | Path=/metrics | Latency=6.80 ms | Status=200"}
{"asctime": "2026-02-20 10:31:28,481", "levelname": "INFO", "name": "inference", "message": "RequestID=c78296af-c921-41ef-8b86-749d542f424d | Method=GET | Path=/metrics | Latency=7.69 ms | Status=200"}
{"asctime": "2026-02-20 10:31:43,489", "levelname": "INFO", "name": "inference", "message": "RequestID=df78aca5-50b0-46c3-ab60-5534622588c0 | Method=GET | Path=/metrics | Latency=10.71 ms | Status=200"}
{"asctime": "2026-02-20 10:31:58,480", "levelname": "INFO", "name": "inference", "message": "RequestID=f2510b99-b1a0-4714-9378-e66b024c1fbc | Method=GET | Path=/metrics | Latency=5.33 ms | Status=200"}
{"asctime": "2026-02-20 10:32:13,488", "levelname": "INFO", "name": "inference", "message": "RequestID=326487ae-59a2-43af-8fde-b72feb8edd06 | Method=GET | Path=/metrics | Latency=7.40 ms | Status=200"}
{"asctime": "2026-02-20 10:32:28,469", "levelname": "INFO", "name": "inference", "message": "RequestID=cb0af3fe-d352-43a5-a7bb-a81664256c1b | Method=GET | Path=/metrics | Latency=2.96 ms | Status=200"}
{"asctime": "2026-02-20 10:32:43,479", "levelname": "INFO", "name": "inference", "message": "RequestID=c34a69c6-8ea5-43b6-b447-77ef0029b185 | Method=GET | Path=/metrics | Latency=5.54 ms | Status=200"}
{"asctime": "2026-02-20 10:32:58,471", "levelname": "INFO", "name": "inference", "message": "RequestID=8a197b3a-f168-4513-8e90-94fc43b1b48a | Method=GET | Path=/metrics | Latency=3.34 ms | Status=200"}
{"asctime": "2026-02-20 10:33:13,484", "levelname": "INFO", "name": "inference", "message": "RequestID=261b2c1d-609b-492f-8799-7c815ca9c0cb | Method=GET | Path=/metrics | Latency=9.48 ms | Status=200"}
{"asctime": "2026-02-20 10:33:28,486", "levelname": "INFO", "name": "inference", "message": "RequestID=e783f962-da6f-4740-ac8e-c16a06dbf79b | Method=GET | Path=/metrics | Latency=11.79 ms | Status=200"}
{"asctime": "2026-02-20 10:33:43,471", "levelname": "INFO", "name": "inference", "message": "RequestID=7596cf3f-2d78-4b02-8964-7f581f27138b | Method=GET | Path=/metrics | Latency=4.36 ms | Status=200"}
{"asctime": "2026-02-20 10:33:58,469", "levelname": "INFO", "name": "inference", "message": "RequestID=83708c03-e19e-48e9-9bac-597f10f061f0 | Method=GET | Path=/metrics | Latency=3.28 ms | Status=200"}
{"asctime": "2026-02-20 10:34:13,473", "levelname": "INFO", "name": "inference", "message": "RequestID=2bbfe321-9510-4dc7-8c28-f7acca9fa2da | Method=GET | Path=/metrics | Latency=4.07 ms | Status=200"}
{"asctime": "2026-02-20 10:34:28,491", "levelname": "INFO", "name": "inference", "message": "RequestID=8af1f7f1-7252-4f74-ad77-27a6fe2e15ba | Method=GET | Path=/metrics | Latency=10.48 ms | Status=200"}
{"asctime": "2026-02-20 10:34:43,470", "levelname": "INFO", "name": "inference", "message": "RequestID=2cb340c6-246a-4417-99a6-9a02d5461ea7 | Method=GET | Path=/metrics | Latency=4.63 ms | Status=200"}
{"asctime": "2026-02-21 15:54:04,107", "levelname": "INFO", "name": "inference", "message": "RequestID=dcace9b9-de75-49aa-ba1b-70d887644968 | Method=GET | Path=/ | Latency=0.82 ms | Status=404"}
{"asctime": "2026-02-21 15:54:04,139", "levelname": "INFO", "name": "inference", "message": "RequestID=002f03a8-b457-4ef0-b7c9-4139135b603f | Method=GET | Path=/favicon.ico | Latency=0.35 ms | Status=404"}
{"asctime": "2026-02-21 15:54:08,039", "levelname": "INFO", "name": "inference", "message": "RequestID=afe9e944-0283-4a21-9c1c-a4debdaae95c | Method=GET | Path=/docs | Latency=0.56 ms | Status=200"}
{"asctime": "2026-02-21 15:54:08,227", "levelname": "INFO", "name": "inference", "message": "RequestID=1332112e-0582-4b96-a8fd-aaf8d48ed110 | Method=GET | Path=/openapi.json | Latency=45.93 ms | Status=200"}
{"asctime": "2026-02-21 17:29:23,442", "levelname": "INFO", "name": "inference", "message": "RequestID=935dbbe5-ffd0-4ec0-82d2-714f3f3fe1ea | Method=GET | Path=/ | Latency=0.96 ms | Status=404"}
{"asctime": "2026-02-21 17:29:23,486", "levelname": "INFO", "name": "inference", "message": "RequestID=28e24bd7-a735-45ac-8bc3-c83e2ba69ed6 | Method=GET | Path=/favicon.ico | Latency=1.10 ms | Status=404"}
{"asctime": "2026-02-21 17:29:36,628", "levelname": "INFO", "name": "inference", "message": "RequestID=7a8fa00b-e876-42ec-9cda-c2f99b2a531d | Method=GET | Path=/docs | Latency=0.91 ms | Status=200"}
{"asctime": "2026-02-21 17:29:36,843", "levelname": "INFO", "name": "inference", "message": "RequestID=8291616a-4536-4229-bca1-98c1efc4b467 | Method=GET | Path=/openapi.json | Latency=44.22 ms | Status=200"}
{"asctime": "2026-02-21 17:30:03,400", "levelname": "INFO", "name": "inference", "message": "inference_event", "region": "jakarta_utara", "model_version": "v1.0.0", "request_id": "4b03d9ea-fe4f-4886-850e-dc69f1e0771d", "predicted_price": 2226544.53}
{"asctime": "2026-02-21 17:30:03,404", "levelname": "INFO", "name": "inference", "message": "RequestID=4b03d9ea-fe4f-4886-850e-dc69f1e0771d | Method=POST | Path=/predict/jakarta_utara | Latency=43.45 ms | Status=200"}
{"asctime": "2026-02-21 17:31:39,963", "levelname": "INFO", "name": "inference", "message": "inference_event", "region": "jakarta_utara", "model_version": "v1.0.0", "request_id": "0396527b-607b-483d-ba33-a9fed92c7857", "predicted_price": 1818026.18}
{"asctime": "2026-02-21 17:31:39,976", "levelname": "INFO", "name": "inference", "message": "RequestID=0396527b-607b-483d-ba33-a9fed92c7857 | Method=POST | Path=/predict/jakarta_utara | Latency=15.58 ms | Status=200"}
{"asctime": "2026-02-21 17:31:42,692", "levelname": "INFO", "name": "inference", "message": "inference_event", "region": "jakarta_utara", "model_version": "v1.0.0", "request_id": "33ac6914-b888-4086-abb2-c2135e9d7309", "predicted_price": 1761813.97}
{"asctime": "2026-02-21 17:31:42,697", "levelname": "INFO", "name": "inference", "message": "RequestID=33ac6914-b888-4086-abb2-c2135e9d7309 | Method=POST | Path=/predict/jakarta_utara | Latency=18.64 ms | Status=200"}
{"asctime": "2026-02-21 17:31:47,310", "levelname": "INFO", "name": "inference", "message": "inference_event", "region": "jakarta_utara", "model_version": "v1.0.0", "request_id": "72c44306-b805-4873-a37f-369865f10528", "predicted_price": 2851201.0}
{"asctime": "2026-02-21 17:31:47,312", "levelname": "INFO", "name": "inference", "message": "RequestID=72c44306-b805-4873-a37f-369865f10528 | Method=POST | Path=/predict/jakarta_utara | Latency=27.04 ms | Status=200"}
{"asctime": "2026-02-21 17:31:54,744", "levelname": "INFO", "name": "inference", "message": "RequestID=4fb74415-832b-42ef-8532-c3ea7ce37da4 | Method=POST | Path=/predict/jakarta_utara | Latency=30.06 ms | Status=422"}
{"asctime": "2026-02-21 17:32:02,232", "levelname": "INFO", "name": "inference", "message": "inference_event", "region": "jakarta_utara", "model_version": "v1.0.0", "request_id": "48bb7757-c782-4100-867f-ebda5380f9dd", "predicted_price": 2820660.36}
{"asctime": "2026-02-21 17:32:02,232", "levelname": "INFO", "name": "inference", "message": "RequestID=48bb7757-c782-4100-867f-ebda5380f9dd | Method=POST | Path=/predict/jakarta_utara | Latency=18.95 ms | Status=200"}
{"asctime": "2026-02-21 17:35:01,909", "levelname": "INFO", "name": "inference", "message": "RequestID=f3f4b2a2-03a9-47db-b935-6941ef5a0260 | Method=GET | Path=/metrics | Latency=48.72 ms | Status=200"}
{"asctime": "2026-02-21 20:04:20,501", "levelname": "INFO", "name": "inference", "message": "loading_model", "region": "jakarta_pusat", "model_uri": "models:/jakarta_pusat_model@production"}
{"asctime": "2026-02-21 20:04:23,839", "levelname": "ERROR", "name": "inference", "message": "model_load_error", "region": "jakarta_pusat", "error": "Registered Model with name=jakarta_pusat_model not found"}
{"asctime": "2026-02-21 20:04:23,839", "levelname": "INFO", "name": "inference", "message": "loading_model", "region": "jakarta_selatan", "model_uri": "models:/jakarta_selatan_model@production"}
{"asctime": "2026-02-21 20:04:23,846", "levelname": "ERROR", "name": "inference", "message": "model_load_error", "region": "jakarta_selatan", "error": "Registered Model with name=jakarta_selatan_model not found"}
{"asctime": "2026-02-21 20:04:23,846", "levelname": "INFO", "name": "inference", "message": "loading_model", "region": "jakarta_utara", "model_uri": "models:/jakarta_utara_model@production"}
{"asctime": "2026-02-21 20:04:23,849", "levelname": "ERROR", "name": "inference", "message": "model_load_error", "region": "jakarta_utara", "error": "Registered Model with name=jakarta_utara_model not found"}
{"asctime": "2026-02-21 20:04:23,849", "levelname": "INFO", "name": "inference", "message": "loading_model", "region": "yogyakarta", "model_uri": "models:/yogyakarta_model@production"}
{"asctime": "2026-02-21 20:04:23,850", "levelname": "ERROR", "name": "inference", "message": "model_load_error", "region": "yogyakarta", "error": "Registered Model with name=yogyakarta_model not found"}
{"asctime": "2026-02-21 20:13:09,632", "levelname": "INFO", "name": "inference", "message": "loading_model", "region": "jakarta_pusat", "model_uri": "models:/jakarta_pusat_model@production"}
{"asctime": "2026-02-21 20:13:10,704", "levelname": "ERROR", "name": "inference", "message": "model_load_error", "region": "jakarta_pusat", "error": "Detected out-of-date database schema (found version 1b5f0d9ad7c1, but expected d3e4f5a6b7c8). Take a backup of your database, then run 'mlflow db upgrade <database_uri>' to migrate your database to the latest schema. NOTE: schema migration may result in database downtime - please consult your database's documentation for more detail."}
{"asctime": "2026-02-21 20:13:10,704", "levelname": "INFO", "name": "inference", "message": "loading_model", "region": "jakarta_selatan", "model_uri": "models:/jakarta_selatan_model@production"}
{"asctime": "2026-02-21 20:13:10,756", "levelname": "ERROR", "name": "inference", "message": "model_load_error", "region": "jakarta_selatan", "error": "Detected out-of-date database schema (found version 1b5f0d9ad7c1, but expected d3e4f5a6b7c8). Take a backup of your database, then run 'mlflow db upgrade <database_uri>' to migrate your database to the latest schema. NOTE: schema migration may result in database downtime - please consult your database's documentation for more detail."}
{"asctime": "2026-02-21 20:13:10,756", "levelname": "INFO", "name": "inference", "message": "loading_model", "region": "jakarta_utara", "model_uri": "models:/jakarta_utara_model@production"}
{"asctime": "2026-02-21 20:13:10,802", "levelname": "ERROR", "name": "inference", "message": "model_load_error", "region": "jakarta_utara", "error": "Detected out-of-date database schema (found version 1b5f0d9ad7c1, but expected d3e4f5a6b7c8). Take a backup of your database, then run 'mlflow db upgrade <database_uri>' to migrate your database to the latest schema. NOTE: schema migration may result in database downtime - please consult your database's documentation for more detail."}
{"asctime": "2026-02-21 20:13:10,802", "levelname": "INFO", "name": "inference", "message": "loading_model", "region": "yogyakarta", "model_uri": "models:/yogyakarta_model@production"}
{"asctime": "2026-02-21 20:13:10,850", "levelname": "ERROR", "name": "inference", "message": "model_load_error", "region": "yogyakarta", "error": "Detected out-of-date database schema (found version 1b5f0d9ad7c1, but expected d3e4f5a6b7c8). Take a backup of your database, then run 'mlflow db upgrade <database_uri>' to migrate your database to the latest schema. NOTE: schema migration may result in database downtime - please consult your database's documentation for more detail."}
{"asctime": "2026-02-21 20:13:37,795", "levelname": "INFO", "name": "inference", "message": "RequestID=2d8fd6f5-2cea-4362-81c0-e36c323f32c0 | Method=GET | Path=/ | Latency=1.12 ms | Status=404"}
{"asctime": "2026-02-21 20:13:41,520", "levelname": "INFO", "name": "inference", "message": "RequestID=18abd55c-59e0-4913-88fd-3fe81a73c559 | Method=GET | Path=/docs | Latency=0.40 ms | Status=200"}
{"asctime": "2026-02-21 20:13:41,696", "levelname": "INFO", "name": "inference", "message": "RequestID=314a3984-fafb-49ac-85ab-bef22fb77a6f | Method=GET | Path=/openapi.json | Latency=88.59 ms | Status=200"}
{"asctime": "2026-02-21 20:14:36,815", "levelname": "WARNING", "name": "error", "message": "http_exception", "path": "/predict/jakarta_utara", "method": "POST", "status_code": 404, "detail": "Region not found", "request_id": "d0340294-9ae0-4389-9cbc-775d7ed2dece"}
{"asctime": "2026-02-21 20:14:36,816", "levelname": "INFO", "name": "inference", "message": "RequestID=d0340294-9ae0-4389-9cbc-775d7ed2dece | Method=POST | Path=/predict/jakarta_utara | Latency=20.17 ms | Status=404"}
{"asctime": "2026-02-21 20:28:00,039", "levelname": "INFO", "name": "inference", "message": "loading_model", "region": "jakarta_pusat", "model_uri": "models:/jakarta_pusat_model@production"}
{"asctime": "2026-02-21 20:28:01,658", "levelname": "ERROR", "name": "inference", "message": "model_load_error", "region": "jakarta_pusat", "error": "Detected out-of-date database schema (found version 1b5f0d9ad7c1, but expected d3e4f5a6b7c8). Take a backup of your database, then run 'mlflow db upgrade <database_uri>' to migrate your database to the latest schema. NOTE: schema migration may result in database downtime - please consult your database's documentation for more detail."}
{"asctime": "2026-02-21 20:28:01,659", "levelname": "INFO", "name": "inference", "message": "loading_model", "region": "jakarta_selatan", "model_uri": "models:/jakarta_selatan_model@production"}
{"asctime": "2026-02-21 20:28:01,748", "levelname": "ERROR", "name": "inference", "message": "model_load_error", "region": "jakarta_selatan", "error": "Detected out-of-date database schema (found version 1b5f0d9ad7c1, but expected d3e4f5a6b7c8). Take a backup of your database, then run 'mlflow db upgrade <database_uri>' to migrate your database to the latest schema. NOTE: schema migration may result in database downtime - please consult your database's documentation for more detail."}
{"asctime": "2026-02-21 20:28:01,748", "levelname": "INFO", "name": "inference", "message": "loading_model", "region": "jakarta_utara", "model_uri": "models:/jakarta_utara_model@production"}
{"asctime": "2026-02-21 20:28:01,850", "levelname": "ERROR", "name": "inference", "message": "model_load_error", "region": "jakarta_utara", "error": "Detected out-of-date database schema (found version 1b5f0d9ad7c1, but expected d3e4f5a6b7c8). Take a backup of your database, then run 'mlflow db upgrade <database_uri>' to migrate your database to the latest schema. NOTE: schema migration may result in database downtime - please consult your database's documentation for more detail."}
{"asctime": "2026-02-21 20:28:01,850", "levelname": "INFO", "name": "inference", "message": "loading_model", "region": "yogyakarta", "model_uri": "models:/yogyakarta_model@production"}
{"asctime": "2026-02-21 20:28:01,926", "levelname": "ERROR", "name": "inference", "message": "model_load_error", "region": "yogyakarta", "error": "Detected out-of-date database schema (found version 1b5f0d9ad7c1, but expected d3e4f5a6b7c8). Take a backup of your database, then run 'mlflow db upgrade <database_uri>' to migrate your database to the latest schema. NOTE: schema migration may result in database downtime - please consult your database's documentation for more detail."}
{"asctime": "2026-02-21 21:24:00,355", "levelname": "INFO", "name": "inference", "message": "loading_model", "region": "jakarta_pusat", "model_uri": "models:/jakarta_pusat_model@production"}
{"asctime": "2026-02-21 21:24:07,065", "levelname": "INFO", "name": "inference", "message": "loading_model", "region": "jakarta_selatan", "model_uri": "models:/jakarta_selatan_model@production"}
{"asctime": "2026-02-21 21:24:07,164", "levelname": "INFO", "name": "inference", "message": "loading_model", "region": "jakarta_utara", "model_uri": "models:/jakarta_utara_model@production"}
{"asctime": "2026-02-21 21:24:07,211", "levelname": "INFO", "name": "inference", "message": "loading_model", "region": "yogyakarta", "model_uri": "models:/yogyakarta_model@production"}
{"asctime": "2026-02-21 21:24:23,994", "levelname": "ERROR", "name": "inference", "message": "inference_error", "region": "jakarta_utara", "error": "Failed to enforce schema of data '   luas_kamar  jarak_ke_bca  ... is_mesin_cuci  amenities_count\n0        12.0           1.5  ...             0                4\n\n[1 rows x 10 columns]' with schema '['luas_kamar': double (required), 'jarak_ke_bca': double (required), 'tipe_kos': string (required), 'is_km_dalam': long (required), 'is_water_heater': long (required), 'is_furnished': long (required), 'is_listrik_free': long (required), 'is_parkir_mobil': long (required), 'is_mesin_cuci': long (required), 'amenities_count': integer (required)]'. Error: Incompatible input types for column amenities_count. Can not safely convert int64 to int32.", "request_id": "e22824d2-8a20-48da-822e-9b0451c1e0ae"}
{"asctime": "2026-02-21 21:24:23,996", "levelname": "WARNING", "name": "error", "message": "http_exception", "path": "/predict/jakarta_utara", "method": "POST", "status_code": 500, "detail": "Prediction failed", "request_id": "e22824d2-8a20-48da-822e-9b0451c1e0ae"}
{"asctime": "2026-02-21 21:24:23,996", "levelname": "INFO", "name": "inference", "message": "RequestID=e22824d2-8a20-48da-822e-9b0451c1e0ae | Method=POST | Path=/predict/jakarta_utara | Latency=24.95 ms | Status=500"}
{"asctime": "2026-02-21 21:24:26,034", "levelname": "ERROR", "name": "inference", "message": "inference_error", "region": "jakarta_pusat", "error": "Failed to enforce schema of data '   luas_kamar  jarak_ke_bca  ... is_mesin_cuci  amenities_count\n0        12.0           1.5  ...             0                4\n\n[1 rows x 10 columns]' with schema '['luas_kamar': double (required), 'jarak_ke_bca': double (required), 'tipe_kos': string (required), 'is_km_dalam': long (required), 'is_water_heater': long (required), 'is_furnished': long (required), 'is_listrik_free': long (required), 'is_parkir_mobil': long (required), 'is_mesin_cuci': long (required), 'amenities_count': integer (required)]'. Error: Incompatible input types for column amenities_count. Can not safely convert int64 to int32.", "request_id": "86973386-7c52-4e64-9aab-1aaea1e53db5"}
{"asctime": "2026-02-21 21:24:26,037", "levelname": "WARNING", "name": "error", "message": "http_exception", "path": "/predict/jakarta_pusat", "method": "POST", "status_code": 500, "detail": "Prediction failed", "request_id": "86973386-7c52-4e64-9aab-1aaea1e53db5"}
{"asctime": "2026-02-21 21:24:26,037", "levelname": "INFO", "name": "inference", "message": "RequestID=86973386-7c52-4e64-9aab-1aaea1e53db5 | Method=POST | Path=/predict/jakarta_pusat | Latency=10.57 ms | Status=500"}
{"asctime": "2026-02-21 21:24:28,076", "levelname": "ERROR", "name": "inference", "message": "inference_error", "region": "jakarta_selatan", "error": "Failed to enforce schema of data '   luas_kamar  jarak_ke_bca  ... is_mesin_cuci  amenities_count\n0        12.0           1.5  ...             0                4\n\n[1 rows x 10 columns]' with schema '['luas_kamar': double (required), 'jarak_ke_bca': double (required), 'tipe_kos': string (required), 'is_km_dalam': long (required), 'is_water_heater': long (required), 'is_furnished': long (required), 'is_listrik_free': long (required), 'is_parkir_mobil': long (required), 'is_mesin_cuci': long (required), 'amenities_count': integer (required)]'. Error: Incompatible input types for column amenities_count. Can not safely convert int64 to int32.", "request_id": "09d3b88b-0b25-4ffa-89c5-76be76535338"}
{"asctime": "2026-02-21 21:24:28,077", "levelname": "WARNING", "name": "error", "message": "http_exception", "path": "/predict/jakarta_selatan", "method": "POST", "status_code": 500, "detail": "Prediction failed", "request_id": "09d3b88b-0b25-4ffa-89c5-76be76535338"}
{"asctime": "2026-02-21 21:24:28,077", "levelname": "INFO", "name": "inference", "message": "RequestID=09d3b88b-0b25-4ffa-89c5-76be76535338 | Method=POST | Path=/predict/jakarta_selatan | Latency=12.79 ms | Status=500"}
{"asctime": "2026-02-21 21:24:30,152", "levelname": "ERROR", "name": "inference", "message": "inference_error", "region": "yogyakarta", "error": "Failed to enforce schema of data '   luas_kamar  jarak_ke_bca  ... is_mesin_cuci  amenities_count\n0        12.0           1.5  ...             0                4\n\n[1 rows x 10 columns]' with schema '['luas_kamar': double (required), 'jarak_ke_bca': double (required), 'tipe_kos': string (required), 'is_km_dalam': long (required), 'is_water_heater': long (required), 'is_furnished': long (required), 'is_listrik_free': long (required), 'is_parkir_mobil': long (required), 'is_mesin_cuci': long (required), 'amenities_count': integer (required)]'. Error: Incompatible input types for column amenities_count. Can not safely convert int64 to int32.", "request_id": "5de24a67-13d7-49b6-a121-557c866f4453"}
{"asctime": "2026-02-21 21:24:30,160", "levelname": "WARNING", "name": "error", "message": "http_exception", "path": "/predict/yogyakarta", "method": "POST", "status_code": 500, "detail": "Prediction failed", "request_id": "5de24a67-13d7-49b6-a121-557c866f4453"}
{"asctime": "2026-02-21 21:24:30,162", "levelname": "INFO", "name": "inference", "message": "RequestID=5de24a67-13d7-49b6-a121-557c866f4453 | Method=POST | Path=/predict/yogyakarta | Latency=52.87 ms | Status=500"}
{"asctime": "2026-02-21 21:25:18,860", "levelname": "INFO", "name": "inference", "message": "loading_model", "region": "jakarta_pusat", "model_uri": "models:/jakarta_pusat_model@production"}
{"asctime": "2026-02-21 21:25:25,253", "levelname": "INFO", "name": "inference", "message": "loading_model", "region": "jakarta_selatan", "model_uri": "models:/jakarta_selatan_model@production"}
{"asctime": "2026-02-21 21:25:25,308", "levelname": "INFO", "name": "inference", "message": "loading_model", "region": "jakarta_utara", "model_uri": "models:/jakarta_utara_model@production"}
{"asctime": "2026-02-21 21:25:25,355", "levelname": "INFO", "name": "inference", "message": "loading_model", "region": "yogyakarta", "model_uri": "models:/yogyakarta_model@production"}
{"asctime": "2026-02-21 21:39:47,229", "levelname": "INFO", "name": "inference", "message": "inference_event", "region": "jakarta_utara", "model_version": "v2", "request_id": "8698660c-c673-48c6-854e-fdac9623091c", "input": {"luas_kamar": 12.0, "jarak_ke_bca": 1.5, "jarak_ke_ui": 0.0, "jarak_ke_ugm": 0.0, "jarak_ke_itb": 0.0, "jarak_ke_unair": 0.0, "jarak_ke_undip": 0.0, "jarak_ke_unpad": 0.0, "jarak_ke_its": 0.0, "jarak_ke_ub": 0.0, "jarak_ke_uns": 0.0, "jarak_ke_ipb": 0.0, "jarak_ke_upnvj": 0.0, "tipe_kos": "putra", "is_km_dalam": 1, "is_water_heater": 1, "is_furnished": 1, "is_listrik_free": 0, "is_parkir_mobil": 1, "is_mesin_cuci": 0}, "output": 2362989.8980406662, "latency_sec": 0.02104020118713379}
{"asctime": "2026-02-21 21:39:47,232", "levelname": "INFO", "name": "inference", "message": "RequestID=8698660c-c673-48c6-854e-fdac9623091c | Method=POST | Path=/predict/jakarta_utara | Latency=32.71 ms | Status=200"}
{"asctime": "2026-02-21 21:40:15,344", "levelname": "INFO", "name": "inference", "message": "loading_model", "region": "jakarta_pusat", "model_uri": "models:/jakarta_pusat_model@production"}
{"asctime": "2026-02-21 21:40:21,593", "levelname": "INFO", "name": "inference", "message": "loading_model", "region": "jakarta_selatan", "model_uri": "models:/jakarta_selatan_model@production"}
{"asctime": "2026-02-21 21:40:21,653", "levelname": "INFO", "name": "inference", "message": "loading_model", "region": "jakarta_utara", "model_uri": "models:/jakarta_utara_model@production"}
{"asctime": "2026-02-21 21:40:21,714", "levelname": "INFO", "name": "inference", "message": "loading_model", "region": "yogyakarta", "model_uri": "models:/yogyakarta_model@production"}
{"asctime": "2026-02-21 21:40:42,905", "levelname": "INFO", "name": "inference", "message": "inference_event", "region": "jakarta_utara", "model_version": "v2", "request_id": "12ddcf82-d717-4140-a758-9a5b144c4071", "input": {"luas_kamar": 12.0, "jarak_ke_bca": 1.5, "jarak_ke_ui": 0.0, "jarak_ke_ugm": 0.0, "jarak_ke_itb": 0.0, "jarak_ke_unair": 0.0, "jarak_ke_undip": 0.0, "jarak_ke_unpad": 0.0, "jarak_ke_its": 0.0, "jarak_ke_ub": 0.0, "jarak_ke_uns": 0.0, "jarak_ke_ipb": 0.0, "jarak_ke_upnvj": 0.0, "tipe_kos": "putra", "is_km_dalam": 1, "is_water_heater": 1, "is_furnished": 1, "is_listrik_free": 0, "is_parkir_mobil": 1, "is_mesin_cuci": 0}, "output": 2362989.8980406662, "latency_sec": 0.014270305633544922}
{"asctime": "2026-02-21 21:40:42,908", "levelname": "INFO", "name": "inference", "message": "RequestID=12ddcf82-d717-4140-a758-9a5b144c4071 | Method=POST | Path=/predict/jakarta_utara | Latency=19.25 ms | Status=200"}
{"asctime": "2026-02-21 21:40:45,098", "levelname": "INFO", "name": "inference", "message": "inference_event", "region": "jakarta_pusat", "model_version": "v1", "request_id": "6e0ffc7e-638e-46ec-8253-00be47573fb2", "input": {"luas_kamar": 12.0, "jarak_ke_bca": 1.5, "jarak_ke_ui": 0.0, "jarak_ke_ugm": 0.0, "jarak_ke_itb": 0.0, "jarak_ke_unair": 0.0, "jarak_ke_undip": 0.0, "jarak_ke_unpad": 0.0, "jarak_ke_its": 0.0, "jarak_ke_ub": 0.0, "jarak_ke_uns": 0.0, "jarak_ke_ipb": 0.0, "jarak_ke_upnvj": 0.0, "tipe_kos": "putra", "is_km_dalam": 1, "is_water_heater": 1, "is_furnished": 1, "is_listrik_free": 0, "is_parkir_mobil": 1, "is_mesin_cuci": 0}, "output": 2920511.7642009864, "latency_sec": 0.15323138236999512}
{"asctime": "2026-02-21 21:40:45,103", "levelname": "INFO", "name": "inference", "message": "RequestID=6e0ffc7e-638e-46ec-8253-00be47573fb2 | Method=POST | Path=/predict/jakarta_pusat | Latency=159.69 ms | Status=200"}
{"asctime": "2026-02-21 21:40:47,239", "levelname": "INFO", "name": "inference", "message": "inference_event", "region": "jakarta_selatan", "model_version": "v1", "request_id": "0e88ad55-31cd-4b5c-875e-1d7d0f60ae43", "input": {"luas_kamar": 12.0, "jarak_ke_bca": 1.5, "jarak_ke_ui": 0.0, "jarak_ke_ugm": 0.0, "jarak_ke_itb": 0.0, "jarak_ke_unair": 0.0, "jarak_ke_undip": 0.0, "jarak_ke_unpad": 0.0, "jarak_ke_its": 0.0, "jarak_ke_ub": 0.0, "jarak_ke_uns": 0.0, "jarak_ke_ipb": 0.0, "jarak_ke_upnvj": 0.0, "tipe_kos": "putra", "is_km_dalam": 1, "is_water_heater": 1, "is_furnished": 1, "is_listrik_free": 0, "is_parkir_mobil": 1, "is_mesin_cuci": 0}, "output": 2793692.944493954, "latency_sec": 0.08212757110595703}
{"asctime": "2026-02-21 21:40:47,244", "levelname": "INFO", "name": "inference", "message": "RequestID=0e88ad55-31cd-4b5c-875e-1d7d0f60ae43 | Method=POST | Path=/predict/jakarta_selatan | Latency=89.12 ms | Status=200"}
{"asctime": "2026-02-21 21:40:49,290", "levelname": "INFO", "name": "inference", "message": "inference_event", "region": "yogyakarta", "model_version": "v1", "request_id": "f3684c01-7080-4f63-8f98-f9687689ecee", "input": {"luas_kamar": 12.0, "jarak_ke_bca": 1.5, "jarak_ke_ui": 0.0, "jarak_ke_ugm": 0.0, "jarak_ke_itb": 0.0, "jarak_ke_unair": 0.0, "jarak_ke_undip": 0.0, "jarak_ke_unpad": 0.0, "jarak_ke_its": 0.0, "jarak_ke_ub": 0.0, "jarak_ke_uns": 0.0, "jarak_ke_ipb": 0.0, "jarak_ke_upnvj": 0.0, "tipe_kos": "putra", "is_km_dalam": 1, "is_water_heater": 1, "is_furnished": 1, "is_listrik_free": 0, "is_parkir_mobil": 1, "is_mesin_cuci": 0}, "output": 1843311.8270346695, "latency_sec": 0.007935047149658203}
{"asctime": "2026-02-21 21:40:49,290", "levelname": "INFO", "name": "inference", "message": "RequestID=f3684c01-7080-4f63-8f98-f9687689ecee | Method=POST | Path=/predict/yogyakarta | Latency=14.63 ms | Status=200"}
{"asctime": "2026-02-21 21:45:11,624", "levelname": "INFO", "name": "inference", "message": "loading_model", "region": "jakarta_pusat", "model_uri": "models:/jakarta_pusat_model@production"}
{"asctime": "2026-02-21 21:45:13,967", "levelname": "ERROR", "name": "inference", "message": "model_load_error", "region": "jakarta_pusat", "error": "Detected out-of-date database schema (found version 1b5f0d9ad7c1, but expected d3e4f5a6b7c8). Take a backup of your database, then run 'mlflow db upgrade <database_uri>' to migrate your database to the latest schema. NOTE: schema migration may result in database downtime - please consult your database's documentation for more detail."}
{"asctime": "2026-02-21 21:45:13,967", "levelname": "INFO", "name": "inference", "message": "loading_model", "region": "jakarta_selatan", "model_uri": "models:/jakarta_selatan_model@production"}
{"asctime": "2026-02-21 21:45:14,045", "levelname": "ERROR", "name": "inference", "message": "model_load_error", "region": "jakarta_selatan", "error": "Detected out-of-date database schema (found version 1b5f0d9ad7c1, but expected d3e4f5a6b7c8). Take a backup of your database, then run 'mlflow db upgrade <database_uri>' to migrate your database to the latest schema. NOTE: schema migration may result in database downtime - please consult your database's documentation for more detail."}
{"asctime": "2026-02-21 21:45:14,050", "levelname": "INFO", "name": "inference", "message": "loading_model", "region": "jakarta_utara", "model_uri": "models:/jakarta_utara_model@production"}
{"asctime": "2026-02-21 21:45:14,114", "levelname": "ERROR", "name": "inference", "message": "model_load_error", "region": "jakarta_utara", "error": "Detected out-of-date database schema (found version 1b5f0d9ad7c1, but expected d3e4f5a6b7c8). Take a backup of your database, then run 'mlflow db upgrade <database_uri>' to migrate your database to the latest schema. NOTE: schema migration may result in database downtime - please consult your database's documentation for more detail."}
{"asctime": "2026-02-21 21:45:14,115", "levelname": "INFO", "name": "inference", "message": "loading_model", "region": "yogyakarta", "model_uri": "models:/yogyakarta_model@production"}
{"asctime": "2026-02-21 21:45:14,222", "levelname": "ERROR", "name": "inference", "message": "model_load_error", "region": "yogyakarta", "error": "Detected out-of-date database schema (found version 1b5f0d9ad7c1, but expected d3e4f5a6b7c8). Take a backup of your database, then run 'mlflow db upgrade <database_uri>' to migrate your database to the latest schema. NOTE: schema migration may result in database downtime - please consult your database's documentation for more detail."}
{"asctime": "2026-02-21 21:45:24,219", "levelname": "INFO", "name": "inference", "message": "RequestID=2d5425f7-b511-466c-a043-15b2405bcf15 | Method=GET | Path=/ | Latency=4.07 ms | Status=404"}
{"asctime": "2026-02-21 21:45:24,305", "levelname": "INFO", "name": "inference", "message": "RequestID=144455b0-4c52-48d8-a610-1e139184a1ab | Method=GET | Path=/favicon.ico | Latency=1.21 ms | Status=404"}
{"asctime": "2026-02-21 21:45:28,623", "levelname": "INFO", "name": "inference", "message": "RequestID=febf1b4d-301d-45d2-bd7c-ac1d30204fa7 | Method=GET | Path=/docs | Latency=0.76 ms | Status=200"}
{"asctime": "2026-02-21 21:45:28,869", "levelname": "INFO", "name": "inference", "message": "RequestID=b5bead7a-01a4-4e39-ae9b-07e133c4cdf1 | Method=GET | Path=/openapi.json | Latency=116.23 ms | Status=200"}
{"asctime": "2026-02-21 21:45:38,857", "levelname": "INFO", "name": "inference", "message": "RequestID=2b325c79-7758-4c3f-a603-695257ebacfc | Method=GET | Path=/health | Latency=16.20 ms | Status=200"}
{"asctime": "2026-02-21 21:46:07,712", "levelname": "WARNING", "name": "error", "message": "http_exception", "path": "/predict/yogyakarta", "method": "POST", "status_code": 404, "detail": "Region not found", "request_id": "049867b5-b776-44da-b807-b6d2cf0705cd"}
{"asctime": "2026-02-21 21:46:07,716", "levelname": "INFO", "name": "inference", "message": "RequestID=049867b5-b776-44da-b807-b6d2cf0705cd | Method=POST | Path=/predict/yogyakarta | Latency=44.51 ms | Status=404"}
{"asctime": "2026-02-21 21:47:00,927", "levelname": "INFO", "name": "inference", "message": "loading_model", "region": "jakarta_pusat", "model_uri": "models:/jakarta_pusat_model@production"}
{"asctime": "2026-02-21 21:47:02,546", "levelname": "ERROR", "name": "inference", "message": "model_load_error", "region": "jakarta_pusat", "error": "Detected out-of-date database schema (found version 1b5f0d9ad7c1, but expected d3e4f5a6b7c8). Take a backup of your database, then run 'mlflow db upgrade <database_uri>' to migrate your database to the latest schema. NOTE: schema migration may result in database downtime - please consult your database's documentation for more detail."}
{"asctime": "2026-02-21 21:47:02,546", "levelname": "INFO", "name": "inference", "message": "loading_model", "region": "jakarta_selatan", "model_uri": "models:/jakarta_selatan_model@production"}
{"asctime": "2026-02-21 21:47:02,626", "levelname": "ERROR", "name": "inference", "message": "model_load_error", "region": "jakarta_selatan", "error": "Detected out-of-date database schema (found version 1b5f0d9ad7c1, but expected d3e4f5a6b7c8). Take a backup of your database, then run 'mlflow db upgrade <database_uri>' to migrate your database to the latest schema. NOTE: schema migration may result in database downtime - please consult your database's documentation for more detail."}
{"asctime": "2026-02-21 21:47:02,640", "levelname": "INFO", "name": "inference", "message": "loading_model", "region": "jakarta_utara", "model_uri": "models:/jakarta_utara_model@production"}
{"asctime": "2026-02-21 21:47:02,714", "levelname": "ERROR", "name": "inference", "message": "model_load_error", "region": "jakarta_utara", "error": "Detected out-of-date database schema (found version 1b5f0d9ad7c1, but expected d3e4f5a6b7c8). Take a backup of your database, then run 'mlflow db upgrade <database_uri>' to migrate your database to the latest schema. NOTE: schema migration may result in database downtime - please consult your database's documentation for more detail."}
{"asctime": "2026-02-21 21:47:02,714", "levelname": "INFO", "name": "inference", "message": "loading_model", "region": "yogyakarta", "model_uri": "models:/yogyakarta_model@production"}
{"asctime": "2026-02-21 21:47:02,858", "levelname": "ERROR", "name": "inference", "message": "model_load_error", "region": "yogyakarta", "error": "Detected out-of-date database schema (found version 1b5f0d9ad7c1, but expected d3e4f5a6b7c8). Take a backup of your database, then run 'mlflow db upgrade <database_uri>' to migrate your database to the latest schema. NOTE: schema migration may result in database downtime - please consult your database's documentation for more detail."}
{"asctime": "2026-02-21 21:47:11,614", "levelname": "INFO", "name": "inference", "message": "loading_model", "region": "jakarta_pusat", "model_uri": "models:/jakarta_pusat_model@production"}
{"asctime": "2026-02-21 21:47:13,386", "levelname": "ERROR", "name": "inference", "message": "model_load_error", "region": "jakarta_pusat", "error": "Detected out-of-date database schema (found version 1b5f0d9ad7c1, but expected d3e4f5a6b7c8). Take a backup of your database, then run 'mlflow db upgrade <database_uri>' to migrate your database to the latest schema. NOTE: schema migration may result in database downtime - please consult your database's documentation for more detail."}
{"asctime": "2026-02-21 21:47:13,386", "levelname": "INFO", "name": "inference", "message": "loading_model", "region": "jakarta_selatan", "model_uri": "models:/jakarta_selatan_model@production"}
{"asctime": "2026-02-21 21:47:13,460", "levelname": "ERROR", "name": "inference", "message": "model_load_error", "region": "jakarta_selatan", "error": "Detected out-of-date database schema (found version 1b5f0d9ad7c1, but expected d3e4f5a6b7c8). Take a backup of your database, then run 'mlflow db upgrade <database_uri>' to migrate your database to the latest schema. NOTE: schema migration may result in database downtime - please consult your database's documentation for more detail."}
{"asctime": "2026-02-21 21:47:13,464", "levelname": "INFO", "name": "inference", "message": "loading_model", "region": "jakarta_utara", "model_uri": "models:/jakarta_utara_model@production"}
{"asctime": "2026-02-21 21:47:13,536", "levelname": "ERROR", "name": "inference", "message": "model_load_error", "region": "jakarta_utara", "error": "Detected out-of-date database schema (found version 1b5f0d9ad7c1, but expected d3e4f5a6b7c8). Take a backup of your database, then run 'mlflow db upgrade <database_uri>' to migrate your database to the latest schema. NOTE: schema migration may result in database downtime - please consult your database's documentation for more detail."}
{"asctime": "2026-02-21 21:47:13,536", "levelname": "INFO", "name": "inference", "message": "loading_model", "region": "yogyakarta", "model_uri": "models:/yogyakarta_model@production"}
{"asctime": "2026-02-21 21:47:13,619", "levelname": "ERROR", "name": "inference", "message": "model_load_error", "region": "yogyakarta", "error": "Detected out-of-date database schema (found version 1b5f0d9ad7c1, but expected d3e4f5a6b7c8). Take a backup of your database, then run 'mlflow db upgrade <database_uri>' to migrate your database to the latest schema. NOTE: schema migration may result in database downtime - please consult your database's documentation for more detail."}
{"asctime": "2026-02-21 21:59:26,316", "levelname": "INFO", "name": "inference", "message": "loading_model", "region": "jakarta_pusat", "model_uri": "models:/jakarta_pusat_model@production"}
{"asctime": "2026-02-21 21:59:31,380", "levelname": "ERROR", "name": "inference", "message": "model_load_error", "region": "jakarta_pusat", "error": "Registered model alias production not found."}
{"asctime": "2026-02-21 21:59:31,380", "levelname": "INFO", "name": "inference", "message": "loading_model", "region": "jakarta_selatan", "model_uri": "models:/jakarta_selatan_model@production"}
{"asctime": "2026-02-21 21:59:31,380", "levelname": "ERROR", "name": "inference", "message": "model_load_error", "region": "jakarta_selatan", "error": "Registered model alias production not found."}
{"asctime": "2026-02-21 21:59:31,380", "levelname": "INFO", "name": "inference", "message": "loading_model", "region": "jakarta_utara", "model_uri": "models:/jakarta_utara_model@production"}
{"asctime": "2026-02-21 21:59:31,394", "levelname": "ERROR", "name": "inference", "message": "model_load_error", "region": "jakarta_utara", "error": "Registered model alias production not found."}
{"asctime": "2026-02-21 21:59:31,394", "levelname": "INFO", "name": "inference", "message": "loading_model", "region": "yogyakarta", "model_uri": "models:/yogyakarta_model@production"}
{"asctime": "2026-02-21 21:59:31,398", "levelname": "ERROR", "name": "inference", "message": "model_load_error", "region": "yogyakarta", "error": "Registered model alias production not found."}
{"asctime": "2026-02-21 21:59:39,077", "levelname": "INFO", "name": "inference", "message": "RequestID=8fdbf1f9-05d8-4979-8be9-b43c6c8900b7 | Method=GET | Path=/ | Latency=2.00 ms | Status=404"}
{"asctime": "2026-02-21 21:59:39,160", "levelname": "INFO", "name": "inference", "message": "RequestID=835c2b7f-c013-4b34-bd39-e3369a580a2c | Method=GET | Path=/favicon.ico | Latency=1.10 ms | Status=404"}
{"asctime": "2026-02-21 21:59:42,271", "levelname": "INFO", "name": "inference", "message": "RequestID=812937ae-9777-4c32-9392-84acd71c8525 | Method=GET | Path=/docs | Latency=0.92 ms | Status=200"}
{"asctime": "2026-02-21 21:59:42,459", "levelname": "INFO", "name": "inference", "message": "RequestID=b840ed57-c5af-4805-9346-73d150cbf1ac | Method=GET | Path=/openapi.json | Latency=51.19 ms | Status=200"}
{"asctime": "2026-02-21 21:59:52,332", "levelname": "INFO", "name": "inference", "message": "RequestID=31762728-0020-4ca8-89e9-534d81cb3562 | Method=GET | Path=/health | Latency=14.00 ms | Status=200"}
{"asctime": "2026-02-21 22:00:41,560", "levelname": "INFO", "name": "inference", "message": "loading_model", "region": "jakarta_pusat", "model_uri": "models:/jakarta_pusat_model@production"}
{"asctime": "2026-02-21 22:00:43,644", "levelname": "ERROR", "name": "inference", "message": "model_load_error", "region": "jakarta_pusat", "error": "Registered Model with name=jakarta_pusat_model not found"}
{"asctime": "2026-02-21 22:00:43,644", "levelname": "INFO", "name": "inference", "message": "loading_model", "region": "jakarta_selatan", "model_uri": "models:/jakarta_selatan_model@production"}
{"asctime": "2026-02-21 22:00:43,644", "levelname": "ERROR", "name": "inference", "message": "model_load_error", "region": "jakarta_selatan", "error": "Registered Model with name=jakarta_selatan_model not found"}
{"asctime": "2026-02-21 22:00:43,649", "levelname": "INFO", "name": "inference", "message": "loading_model", "region": "jakarta_utara", "model_uri": "models:/jakarta_utara_model@production"}
{"asctime": "2026-02-21 22:00:43,649", "levelname": "ERROR", "name": "inference", "message": "model_load_error", "region": "jakarta_utara", "error": "Registered Model with name=jakarta_utara_model not found"}
{"asctime": "2026-02-21 22:00:43,649", "levelname": "INFO", "name": "inference", "message": "loading_model", "region": "yogyakarta", "model_uri": "models:/yogyakarta_model@production"}
{"asctime": "2026-02-21 22:00:43,655", "levelname": "ERROR", "name": "inference", "message": "model_load_error", "region": "yogyakarta", "error": "Registered Model with name=yogyakarta_model not found"}
{"asctime": "2026-02-21 22:00:43,722", "levelname": "INFO", "name": "inference", "message": "RequestID=4eff6108-8893-4aca-bd41-e0f687f65624 | Method=GET | Path=/ | Latency=0.74 ms | Status=404"}
{"asctime": "2026-02-21 22:00:52,573", "levelname": "INFO", "name": "inference", "message": "RequestID=18cb111d-c81f-46ee-b566-655b1c80142f | Method=GET | Path=/docs | Latency=1.67 ms | Status=200"}
{"asctime": "2026-02-21 22:00:52,735", "levelname": "INFO", "name": "inference", "message": "RequestID=f3c4a157-55dc-4d50-a444-2c682275cc9f | Method=GET | Path=/openapi.json | Latency=42.73 ms | Status=200"}
{"asctime": "2026-02-21 22:01:28,846", "levelname": "INFO", "name": "inference", "message": "RequestID=b5cfba59-e8db-4cfa-8a52-df4c82682d18 | Method=GET | Path=/health | Latency=36.29 ms | Status=200"}
{"asctime": "2026-02-21 23:02:10,113", "levelname": "INFO", "name": "inference", "message": "loading_model", "region": "jakarta_pusat", "model_uri": "models:/jakarta_pusat_model@production"}
{"asctime": "2026-02-21 23:02:12,303", "levelname": "ERROR", "name": "inference", "message": "model_load_error", "region": "jakarta_pusat", "error": "Registered model alias production not found."}
{"asctime": "2026-02-21 23:02:12,317", "levelname": "INFO", "name": "inference", "message": "loading_model", "region": "jakarta_selatan", "model_uri": "models:/jakarta_selatan_model@production"}
{"asctime": "2026-02-21 23:02:12,317", "levelname": "ERROR", "name": "inference", "message": "model_load_error", "region": "jakarta_selatan", "error": "Registered model alias production not found."}
{"asctime": "2026-02-21 23:02:12,317", "levelname": "INFO", "name": "inference", "message": "loading_model", "region": "jakarta_utara", "model_uri": "models:/jakarta_utara_model@production"}
{"asctime": "2026-02-21 23:02:12,325", "levelname": "ERROR", "name": "inference", "message": "model_load_error", "region": "jakarta_utara", "error": "Registered model alias production not found."}
{"asctime": "2026-02-21 23:02:12,326", "levelname": "INFO", "name": "inference", "message": "loading_model", "region": "yogyakarta", "model_uri": "models:/yogyakarta_model@production"}
{"asctime": "2026-02-21 23:02:12,329", "levelname": "ERROR", "name": "inference", "message": "model_load_error", "region": "yogyakarta", "error": "Registered model alias production not found."}
{"asctime": "2026-02-21 23:02:18,873", "levelname": "INFO", "name": "inference", "message": "RequestID=ccaafd07-06ad-4312-b4f5-2fdb0057c555 | Method=GET | Path=/ | Latency=1.07 ms | Status=404"}
{"asctime": "2026-02-21 23:02:21,586", "levelname": "INFO", "name": "inference", "message": "RequestID=e485b878-dbb8-484c-8f62-a2a3ee2a4c5a | Method=GET | Path=/docs | Latency=1.13 ms | Status=200"}
{"asctime": "2026-02-21 23:02:21,720", "levelname": "INFO", "name": "inference", "message": "RequestID=3cadb2fb-2621-46ad-8a24-7a4d602601e5 | Method=GET | Path=/openapi.json | Latency=51.60 ms | Status=200"}
{"asctime": "2026-02-21 23:02:36,705", "levelname": "INFO", "name": "inference", "message": "RequestID=d8fa48cf-09f3-4f67-9357-c7e3c5fb1e02 | Method=GET | Path=/health | Latency=13.16 ms | Status=200"}
{"asctime": "2026-02-21 23:13:25,263", "levelname": "INFO", "name": "inference", "message": "loading_model", "region": "jakarta_pusat", "model_uri": "models:/jakarta_pusat_model@production"}
{"asctime": "2026-02-21 23:13:45,322", "levelname": "ERROR", "name": "inference", "message": "model_load_error", "region": "jakarta_pusat", "error": "node array from the pickle has an incompatible dtype:\n- expected: {'names': ['left_child', 'right_child', 'feature', 'threshold', 'impurity', 'n_node_samples', 'weighted_n_node_samples', 'missing_go_to_left'], 'formats': ['<i8', '<i8', '<i8', '<f8', '<f8', '<i8', '<f8', 'u1'], 'offsets': [0, 8, 16, 24, 32, 40, 48, 56], 'itemsize': 64}\n- got     : [('left_child', '<i8'), ('right_child', '<i8'), ('feature', '<i8'), ('threshold', '<f8'), ('impurity', '<f8'), ('n_node_samples', '<i8'), ('weighted_n_node_samples', '<f8')]"}
{"asctime": "2026-02-21 23:13:45,322", "levelname": "INFO", "name": "inference", "message": "loading_model", "region": "jakarta_selatan", "model_uri": "models:/jakarta_selatan_model@production"}
{"asctime": "2026-02-21 23:13:45,362", "levelname": "ERROR", "name": "inference", "message": "model_load_error", "region": "jakarta_selatan", "error": "node array from the pickle has an incompatible dtype:\n- expected: {'names': ['left_child', 'right_child', 'feature', 'threshold', 'impurity', 'n_node_samples', 'weighted_n_node_samples', 'missing_go_to_left'], 'formats': ['<i8', '<i8', '<i8', '<f8', '<f8', '<i8', '<f8', 'u1'], 'offsets': [0, 8, 16, 24, 32, 40, 48, 56], 'itemsize': 64}\n- got     : [('left_child', '<i8'), ('right_child', '<i8'), ('feature', '<i8'), ('threshold', '<f8'), ('impurity', '<f8'), ('n_node_samples', '<i8'), ('weighted_n_node_samples', '<f8')]"}
{"asctime": "2026-02-21 23:13:45,362", "levelname": "INFO", "name": "inference", "message": "loading_model", "region": "jakarta_utara", "model_uri": "models:/jakarta_utara_model@production"}
{"asctime": "2026-02-21 23:13:45,406", "levelname": "INFO", "name": "inference", "message": "loading_model", "region": "yogyakarta", "model_uri": "models:/yogyakarta_model@production"}
{"asctime": "2026-02-21 23:13:45,442", "levelname": "ERROR", "name": "inference", "message": "model_load_error", "region": "yogyakarta", "error": "node array from the pickle has an incompatible dtype:\n- expected: {'names': ['left_child', 'right_child', 'feature', 'threshold', 'impurity', 'n_node_samples', 'weighted_n_node_samples', 'missing_go_to_left'], 'formats': ['<i8', '<i8', '<i8', '<f8', '<f8', '<i8', '<f8', 'u1'], 'offsets': [0, 8, 16, 24, 32, 40, 48, 56], 'itemsize': 64}\n- got     : [('left_child', '<i8'), ('right_child', '<i8'), ('feature', '<i8'), ('threshold', '<f8'), ('impurity', '<f8'), ('n_node_samples', '<i8'), ('weighted_n_node_samples', '<f8')]"}
{"asctime": "2026-02-21 23:14:06,556", "levelname": "INFO", "name": "inference", "message": "RequestID=1d24bcff-7610-419e-8ef5-3da886afdc23 | Method=GET | Path=/health | Latency=2.43 ms | Status=200"}
{"asctime": "2026-02-21 23:30:11,900", "levelname": "INFO", "name": "inference", "message": "loading_model", "region": "jakarta_pusat", "model_uri": "models:/jakarta_pusat_model@production"}
{"asctime": "2026-02-21 23:30:17,598", "levelname": "INFO", "name": "inference", "message": "loading_model", "region": "jakarta_selatan", "model_uri": "models:/jakarta_selatan_model@production"}
{"asctime": "2026-02-21 23:30:17,659", "levelname": "INFO", "name": "inference", "message": "loading_model", "region": "jakarta_utara", "model_uri": "models:/jakarta_utara_model@production"}
{"asctime": "2026-02-21 23:30:17,705", "levelname": "INFO", "name": "inference", "message": "loading_model", "region": "yogyakarta", "model_uri": "models:/yogyakarta_model@production"}
{"asctime": "2026-02-21 23:30:47,984", "levelname": "INFO", "name": "inference", "message": "loading_model", "region": "jakarta_pusat", "model_uri": "models:/jakarta_pusat_model@production"}
{"asctime": "2026-02-21 23:30:53,582", "levelname": "INFO", "name": "inference", "message": "loading_model", "region": "jakarta_selatan", "model_uri": "models:/jakarta_selatan_model@production"}
{"asctime": "2026-02-21 23:30:53,625", "levelname": "INFO", "name": "inference", "message": "loading_model", "region": "jakarta_utara", "model_uri": "models:/jakarta_utara_model@production"}
{"asctime": "2026-02-21 23:30:53,668", "levelname": "INFO", "name": "inference", "message": "loading_model", "region": "yogyakarta", "model_uri": "models:/yogyakarta_model@production"}
{"asctime": "2026-02-21 23:31:15,237", "levelname": "INFO", "name": "inference", "message": "RequestID=d62cb47d-db72-465c-b486-7bbb75662fe4 | Method=GET | Path=/health | Latency=4.13 ms | Status=200"}
{"asctime": "2026-02-21 23:31:26,273", "levelname": "INFO", "name": "inference", "message": "inference_event", "region": "jakarta_utara", "model_version": "v2", "request_id": "4b0a05a3-7db0-4855-9c1e-533e210c520e", "input": {"luas_kamar": 12.0, "jarak_ke_bca": 1.5, "tipe_kos": "putra", "is_km_dalam": 1, "is_water_heater": 1, "is_furnished": 1, "is_listrik_free": 0, "is_parkir_mobil": 1, "is_mesin_cuci": 0}, "output": 2374580.624028268, "latency_sec": 0.08185005187988281}
{"asctime": "2026-02-21 23:31:26,279", "levelname": "INFO", "name": "inference", "message": "RequestID=4b0a05a3-7db0-4855-9c1e-533e210c520e | Method=POST | Path=/predict/jakarta_utara | Latency=92.42 ms | Status=200"}
{"asctime": "2026-02-21 23:31:28,399", "levelname": "INFO", "name": "inference", "message": "inference_event", "region": "jakarta_pusat", "model_version": "v3", "request_id": "23db0e84-b35f-452e-b9bd-e47c122eb72f", "input": {"luas_kamar": 12.0, "jarak_ke_bca": 1.5, "tipe_kos": "putra", "is_km_dalam": 1, "is_water_heater": 1, "is_furnished": 1, "is_listrik_free": 0, "is_parkir_mobil": 1, "is_mesin_cuci": 0}, "output": 2920511.7642009864, "latency_sec": 0.07738137245178223}
{"asctime": "2026-02-21 23:31:28,402", "levelname": "INFO", "name": "inference", "message": "RequestID=23db0e84-b35f-452e-b9bd-e47c122eb72f | Method=POST | Path=/predict/jakarta_pusat | Latency=79.73 ms | Status=200"}
{"asctime": "2026-02-21 23:31:30,440", "levelname": "INFO", "name": "inference", "message": "inference_event", "region": "jakarta_selatan", "model_version": "v2", "request_id": "f796b48b-90ec-4f76-86fe-34e11765f00a", "input": {"luas_kamar": 12.0, "jarak_ke_bca": 1.5, "tipe_kos": "putra", "is_km_dalam": 1, "is_water_heater": 1, "is_furnished": 1, "is_listrik_free": 0, "is_parkir_mobil": 1, "is_mesin_cuci": 0}, "output": 2909029.897573872, "latency_sec": 0.015116691589355469}
{"asctime": "2026-02-21 23:31:30,441", "levelname": "INFO", "name": "inference", "message": "RequestID=f796b48b-90ec-4f76-86fe-34e11765f00a | Method=POST | Path=/predict/jakarta_selatan | Latency=12.92 ms | Status=200"}
{"asctime": "2026-02-21 23:31:32,554", "levelname": "INFO", "name": "inference", "message": "inference_event", "region": "yogyakarta", "model_version": "v2", "request_id": "777acdac-798f-433e-a5ed-48e1f46a3d7a", "input": {"luas_kamar": 12.0, "jarak_ke_bca": 1.5, "tipe_kos": "putra", "is_km_dalam": 1, "is_water_heater": 1, "is_furnished": 1, "is_listrik_free": 0, "is_parkir_mobil": 1, "is_mesin_cuci": 0}, "output": 1813425.9118159132, "latency_sec": 0.07986068725585938}
{"asctime": "2026-02-21 23:31:32,554", "levelname": "INFO", "name": "inference", "message": "RequestID=777acdac-798f-433e-a5ed-48e1f46a3d7a | Method=POST | Path=/predict/yogyakarta | Latency=82.82 ms | Status=200"}
{"asctime": "2026-02-21 23:33:06,626", "levelname": "INFO", "name": "inference", "message": "RequestID=13128ed0-5e2d-4362-a3c2-5eb149a8a86e | Method=GET | Path=/model-info/jakarta_pusat | Latency=2.54 ms | Status=200"}
{"asctime": "2026-02-21 23:33:08,668", "levelname": "INFO", "name": "inference", "message": "RequestID=73a469c5-d419-4df4-ab11-df85befff82f | Method=GET | Path=/model-info/jakarta_selatan | Latency=2.54 ms | Status=200"}
{"asctime": "2026-02-21 23:33:10,709", "levelname": "INFO", "name": "inference", "message": "RequestID=7a3592dc-ce6c-47f9-913c-a0c22fc21c80 | Method=GET | Path=/model-info/jakarta_utara | Latency=2.10 ms | Status=200"}
{"asctime": "2026-02-21 23:33:12,745", "levelname": "INFO", "name": "inference", "message": "RequestID=3e4ea3e9-c31e-4005-bbea-2d7b1cf71fc1 | Method=GET | Path=/model-info/yogyakarta | Latency=2.08 ms | Status=200"}
{"asctime": "2026-02-21 23:33:14,782", "levelname": "INFO", "name": "inference", "message": "RequestID=76f65644-351d-48ad-9139-84931bb51520 | Method=GET | Path=/prediction-monitor/jakarta_pusat | Latency=2.06 ms | Status=200"}
{"asctime": "2026-02-21 23:33:16,809", "levelname": "INFO", "name": "inference", "message": "RequestID=1a2cd66a-c486-4974-b77b-d4cb15354d87 | Method=GET | Path=/prediction-monitor/jakarta_selatan | Latency=2.10 ms | Status=200"}
{"asctime": "2026-02-21 23:33:18,871", "levelname": "INFO", "name": "inference", "message": "RequestID=c6674265-bacd-403f-9d4a-cde525f7875c | Method=GET | Path=/prediction-monitor/jakarta_utara | Latency=1.66 ms | Status=200"}
{"asctime": "2026-02-21 23:33:20,915", "levelname": "INFO", "name": "inference", "message": "RequestID=1c7f7c84-7dbd-47d9-9918-bc752da09d0e | Method=GET | Path=/prediction-monitor/yogyakarta | Latency=1.84 ms | Status=200"}
{"asctime": "2026-02-21 23:33:22,947", "levelname": "INFO", "name": "inference", "message": "RequestID=f09487ac-82e5-45aa-ab66-692446092de5 | Method=GET | Path=/anomaly-monitor/jakarta_pusat | Latency=2.40 ms | Status=200"}
{"asctime": "2026-02-21 23:33:24,979", "levelname": "INFO", "name": "inference", "message": "RequestID=4a6dc0e3-2b0e-43dd-8a4a-145f73350cc3 | Method=GET | Path=/internal-metrics | Latency=2.43 ms | Status=200"}
{"asctime": "2026-02-21 23:33:27,082", "levelname": "INFO", "name": "inference", "message": "RequestID=a2f08ada-4e06-487d-aeca-8b3cb1782b3d | Method=GET | Path=/metrics | Latency=57.24 ms | Status=200"}
{"asctime": "2026-02-21 23:42:29,332", "levelname": "INFO", "name": "inference", "message": "loading_model", "region": "jakarta_pusat", "model_uri": "models:/jakarta_pusat_model@production"}
{"asctime": "2026-02-21 23:42:30,441", "levelname": "ERROR", "name": "inference", "message": "model_load_error", "region": "jakarta_pusat", "error": "Detected out-of-date database schema (found version 1b5f0d9ad7c1, but expected d3e4f5a6b7c8). Take a backup of your database, then run 'mlflow db upgrade <database_uri>' to migrate your database to the latest schema. NOTE: schema migration may result in database downtime - please consult your database's documentation for more detail."}
{"asctime": "2026-02-21 23:42:30,441", "levelname": "INFO", "name": "inference", "message": "loading_model", "region": "jakarta_selatan", "model_uri": "models:/jakarta_selatan_model@production"}
{"asctime": "2026-02-21 23:42:30,504", "levelname": "ERROR", "name": "inference", "message": "model_load_error", "region": "jakarta_selatan", "error": "Detected out-of-date database schema (found version 1b5f0d9ad7c1, but expected d3e4f5a6b7c8). Take a backup of your database, then run 'mlflow db upgrade <database_uri>' to migrate your database to the latest schema. NOTE: schema migration may result in database downtime - please consult your database's documentation for more detail."}
{"asctime": "2026-02-21 23:42:30,504", "levelname": "INFO", "name": "inference", "message": "loading_model", "region": "jakarta_utara", "model_uri": "models:/jakarta_utara_model@production"}
{"asctime": "2026-02-21 23:42:30,570", "levelname": "ERROR", "name": "inference", "message": "model_load_error", "region": "jakarta_utara", "error": "Detected out-of-date database schema (found version 1b5f0d9ad7c1, but expected d3e4f5a6b7c8). Take a backup of your database, then run 'mlflow db upgrade <database_uri>' to migrate your database to the latest schema. NOTE: schema migration may result in database downtime - please consult your database's documentation for more detail."}
{"asctime": "2026-02-21 23:42:30,571", "levelname": "INFO", "name": "inference", "message": "loading_model", "region": "yogyakarta", "model_uri": "models:/yogyakarta_model@production"}
{"asctime": "2026-02-21 23:42:30,620", "levelname": "ERROR", "name": "inference", "message": "model_load_error", "region": "yogyakarta", "error": "Detected out-of-date database schema (found version 1b5f0d9ad7c1, but expected d3e4f5a6b7c8). Take a backup of your database, then run 'mlflow db upgrade <database_uri>' to migrate your database to the latest schema. NOTE: schema migration may result in database downtime - please consult your database's documentation for more detail."}
{"asctime": "2026-02-21 23:42:36,055", "levelname": "INFO", "name": "inference", "message": "RequestID=15edaa4e-87ec-4242-a315-e5aca618a23f | Method=GET | Path=/ | Latency=2.99 ms | Status=404"}
{"asctime": "2026-02-21 23:42:38,978", "levelname": "INFO", "name": "inference", "message": "RequestID=8a7a1e04-4695-40cb-8edf-cfebb3d72f57 | Method=GET | Path=/docs | Latency=1.19 ms | Status=200"}
{"asctime": "2026-02-21 23:42:39,151", "levelname": "INFO", "name": "inference", "message": "RequestID=ed387fbd-5343-4217-86c0-341bd0544c99 | Method=GET | Path=/openapi.json | Latency=41.21 ms | Status=200"}
{"asctime": "2026-02-21 23:43:15,409", "levelname": "WARNING", "name": "error", "message": "http_exception", "path": "/predict/yogyakarta", "method": "POST", "status_code": 404, "detail": "Region not found", "request_id": "TEST-12345"}
{"asctime": "2026-02-21 23:43:15,409", "levelname": "INFO", "name": "inference", "message": "RequestID=TEST-12345 | Method=POST | Path=/predict/yogyakarta | Latency=36.99 ms | Status=404"}
{"asctime": "2026-02-21 23:43:30,062", "levelname": "INFO", "name": "inference", "message": "RequestID=48643edd-7391-4643-ba5e-defce58a9768 | Method=GET | Path=/health | Latency=4.26 ms | Status=200"}
{"asctime": "2026-02-21 23:44:41,898", "levelname": "INFO", "name": "inference", "message": "RequestID=c3bc4749-6c29-4e74-8776-11b40c6f6f50 | Method=GET | Path=/health | Latency=1.86 ms | Status=200"}
{"asctime": "2026-02-21 23:48:22,211", "levelname": "INFO", "name": "inference", "message": "loading_model", "region": "jakarta_pusat", "model_uri": "models:/jakarta_pusat_model@production"}
{"asctime": "2026-02-21 23:48:27,363", "levelname": "INFO", "name": "inference", "message": "loading_model", "region": "jakarta_selatan", "model_uri": "models:/jakarta_selatan_model@production"}
{"asctime": "2026-02-21 23:48:27,544", "levelname": "INFO", "name": "inference", "message": "loading_model", "region": "jakarta_utara", "model_uri": "models:/jakarta_utara_model@production"}
{"asctime": "2026-02-21 23:48:27,622", "levelname": "INFO", "name": "inference", "message": "loading_model", "region": "yogyakarta", "model_uri": "models:/yogyakarta_model@production"}
{"asctime": "2026-02-21 23:48:57,700", "levelname": "INFO", "name": "inference", "message": "loading_model", "region": "jakarta_pusat", "model_uri": "models:/jakarta_pusat_model@production"}
{"asctime": "2026-02-21 23:49:02,734", "levelname": "INFO", "name": "inference", "message": "loading_model", "region": "jakarta_selatan", "model_uri": "models:/jakarta_selatan_model@production"}
{"asctime": "2026-02-21 23:49:02,975", "levelname": "INFO", "name": "inference", "message": "loading_model", "region": "jakarta_utara", "model_uri": "models:/jakarta_utara_model@production"}
{"asctime": "2026-02-21 23:49:03,072", "levelname": "INFO", "name": "inference", "message": "loading_model", "region": "yogyakarta", "model_uri": "models:/yogyakarta_model@production"}
{"asctime": "2026-02-21 23:49:32,383", "levelname": "INFO", "name": "inference", "message": "RequestID=c6c5d6a1-3908-448f-8ad3-cbd894343665 | Method=GET | Path=/model-info/jakarta_pusat | Latency=5.04 ms | Status=200"}
{"asctime": "2026-02-21 23:49:34,420", "levelname": "INFO", "name": "inference", "message": "RequestID=75f113b1-5138-4ea6-b2f1-2cef0183d38c | Method=GET | Path=/model-info/jakarta_selatan | Latency=2.12 ms | Status=200"}
{"asctime": "2026-02-21 23:49:36,457", "levelname": "INFO", "name": "inference", "message": "RequestID=fa9fd00b-7696-4573-99d5-caf7414a2a84 | Method=GET | Path=/model-info/jakarta_utara | Latency=2.12 ms | Status=200"}
{"asctime": "2026-02-21 23:49:38,491", "levelname": "INFO", "name": "inference", "message": "RequestID=ff7365c9-9770-452b-b3ba-6918089b62a6 | Method=GET | Path=/model-info/yogyakarta | Latency=1.87 ms | Status=200"}
{"asctime": "2026-02-21 23:49:40,519", "levelname": "INFO", "name": "inference", "message": "RequestID=07ba5675-854a-4e9b-9c2e-67138c046b78 | Method=GET | Path=/prediction-monitor/jakarta_pusat | Latency=2.34 ms | Status=200"}
{"asctime": "2026-02-21 23:49:42,559", "levelname": "INFO", "name": "inference", "message": "RequestID=658373d9-0028-404b-93af-2f69d192ce8f | Method=GET | Path=/prediction-monitor/jakarta_selatan | Latency=0.49 ms | Status=200"}
{"asctime": "2026-02-21 23:49:44,584", "levelname": "INFO", "name": "inference", "message": "RequestID=43fecdb8-ebfd-4abf-99a8-de6178601756 | Method=GET | Path=/prediction-monitor/jakarta_utara | Latency=1.55 ms | Status=200"}
{"asctime": "2026-02-21 23:49:44,753", "levelname": "INFO", "name": "inference", "message": "inference_event", "region": "jakarta_utara", "model_version": "v2", "request_id": "200e7bce-5459-4528-8c6a-e2810468d511", "input": {"luas_kamar": 12.0, "jarak_ke_bca": 1.5, "tipe_kos": "putra", "is_km_dalam": 1, "is_water_heater": 1, "is_furnished": 1, "is_listrik_free": 0, "is_parkir_mobil": 1, "is_mesin_cuci": 0}, "output": 2374580.6240282673, "latency_sec": 0.1034708023071289}
{"asctime": "2026-02-21 23:49:44,758", "levelname": "INFO", "name": "inference", "message": "RequestID=200e7bce-5459-4528-8c6a-e2810468d511 | Method=POST | Path=/predict/jakarta_utara | Latency=108.94 ms | Status=200"}
{"asctime": "2026-02-21 23:49:46,635", "levelname": "INFO", "name": "inference", "message": "RequestID=c0ed0b3d-81c1-4097-aa11-82665a540c10 | Method=GET | Path=/prediction-monitor/yogyakarta | Latency=1.37 ms | Status=200"}
{"asctime": "2026-02-21 23:49:46,883", "levelname": "INFO", "name": "inference", "message": "inference_event", "region": "jakarta_pusat", "model_version": "v3", "request_id": "f44871d2-5237-43d1-8486-cdad1ce3f2e0", "input": {"luas_kamar": 12.0, "jarak_ke_bca": 1.5, "tipe_kos": "putra", "is_km_dalam": 1, "is_water_heater": 1, "is_furnished": 1, "is_listrik_free": 0, "is_parkir_mobil": 1, "is_mesin_cuci": 0}, "output": 2920511.7642009864, "latency_sec": 0.08413553237915039}
{"asctime": "2026-02-21 23:49:46,886", "levelname": "INFO", "name": "inference", "message": "RequestID=f44871d2-5237-43d1-8486-cdad1ce3f2e0 | Method=POST | Path=/predict/jakarta_pusat | Latency=87.53 ms | Status=200"}
{"asctime": "2026-02-21 23:49:48,670", "levelname": "INFO", "name": "inference", "message": "RequestID=eb2de303-bc74-4675-9098-c63dc1b26146 | Method=GET | Path=/anomaly-monitor/jakarta_pusat | Latency=2.28 ms | Status=200"}
{"asctime": "2026-02-21 23:49:48,940", "levelname": "INFO", "name": "inference", "message": "inference_event", "region": "jakarta_selatan", "model_version": "v2", "request_id": "ad344822-271e-47ad-bfe4-a1c0935a38a2", "input": {"luas_kamar": 12.0, "jarak_ke_bca": 1.5, "tipe_kos": "putra", "is_km_dalam": 1, "is_water_heater": 1, "is_furnished": 1, "is_listrik_free": 0, "is_parkir_mobil": 1, "is_mesin_cuci": 0}, "output": 2909029.897573872, "latency_sec": 0.010959625244140625}
{"asctime": "2026-02-21 23:49:48,942", "levelname": "INFO", "name": "inference", "message": "RequestID=ad344822-271e-47ad-bfe4-a1c0935a38a2 | Method=POST | Path=/predict/jakarta_selatan | Latency=14.52 ms | Status=200"}
{"asctime": "2026-02-21 23:49:50,710", "levelname": "INFO", "name": "inference", "message": "RequestID=0a77252b-d8cc-4471-a1a4-de68a75eaa70 | Method=GET | Path=/internal-metrics | Latency=2.68 ms | Status=200"}
{"asctime": "2026-02-21 23:49:51,068", "levelname": "INFO", "name": "inference", "message": "inference_event", "region": "yogyakarta", "model_version": "v2", "request_id": "6e6af8c8-62d1-4d55-a789-2f1e2ef47117", "input": {"luas_kamar": 12.0, "jarak_ke_bca": 1.5, "tipe_kos": "putra", "is_km_dalam": 1, "is_water_heater": 1, "is_furnished": 1, "is_listrik_free": 0, "is_parkir_mobil": 1, "is_mesin_cuci": 0}, "output": 1813425.9118159132, "latency_sec": 0.08542227745056152}
{"asctime": "2026-02-21 23:49:51,073", "levelname": "INFO", "name": "inference", "message": "RequestID=6e6af8c8-62d1-4d55-a789-2f1e2ef47117 | Method=POST | Path=/predict/yogyakarta | Latency=90.02 ms | Status=200"}
{"asctime": "2026-02-21 23:49:52,768", "levelname": "INFO", "name": "inference", "message": "RequestID=a7934741-9b08-4e11-a52c-c1752529f294 | Method=GET | Path=/metrics | Latency=7.21 ms | Status=200"}
{"asctime": "2026-02-21 23:52:10,461", "levelname": "INFO", "name": "inference", "message": "RequestID=07b1d640-80ff-451f-9f2a-704cc149f666 | Method=GET | Path=/ | Latency=5.77 ms | Status=404"}
{"asctime": "2026-02-21 23:52:12,732", "levelname": "INFO", "name": "inference", "message": "loading_model", "region": "jakarta_pusat", "model_uri": "models:/jakarta_pusat_model@production"}
{"asctime": "2026-02-21 23:52:13,768", "levelname": "ERROR", "name": "inference", "message": "model_load_error", "region": "jakarta_pusat", "error": "Detected out-of-date database schema (found version 1b5f0d9ad7c1, but expected d3e4f5a6b7c8). Take a backup of your database, then run 'mlflow db upgrade <database_uri>' to migrate your database to the latest schema. NOTE: schema migration may result in database downtime - please consult your database's documentation for more detail."}
{"asctime": "2026-02-21 23:52:13,768", "levelname": "INFO", "name": "inference", "message": "loading_model", "region": "jakarta_selatan", "model_uri": "models:/jakarta_selatan_model@production"}
{"asctime": "2026-02-21 23:52:13,876", "levelname": "ERROR", "name": "inference", "message": "model_load_error", "region": "jakarta_selatan", "error": "Detected out-of-date database schema (found version 1b5f0d9ad7c1, but expected d3e4f5a6b7c8). Take a backup of your database, then run 'mlflow db upgrade <database_uri>' to migrate your database to the latest schema. NOTE: schema migration may result in database downtime - please consult your database's documentation for more detail."}
{"asctime": "2026-02-21 23:52:13,876", "levelname": "INFO", "name": "inference", "message": "loading_model", "region": "jakarta_utara", "model_uri": "models:/jakarta_utara_model@production"}
{"asctime": "2026-02-21 23:52:13,959", "levelname": "ERROR", "name": "inference", "message": "model_load_error", "region": "jakarta_utara", "error": "Detected out-of-date database schema (found version 1b5f0d9ad7c1, but expected d3e4f5a6b7c8). Take a backup of your database, then run 'mlflow db upgrade <database_uri>' to migrate your database to the latest schema. NOTE: schema migration may result in database downtime - please consult your database's documentation for more detail."}
{"asctime": "2026-02-21 23:52:13,959", "levelname": "INFO", "name": "inference", "message": "loading_model", "region": "yogyakarta", "model_uri": "models:/yogyakarta_model@production"}
{"asctime": "2026-02-21 23:52:14,030", "levelname": "ERROR", "name": "inference", "message": "model_load_error", "region": "yogyakarta", "error": "Detected out-of-date database schema (found version 1b5f0d9ad7c1, but expected d3e4f5a6b7c8). Take a backup of your database, then run 'mlflow db upgrade <database_uri>' to migrate your database to the latest schema. NOTE: schema migration may result in database downtime - please consult your database's documentation for more detail."}
{"asctime": "2026-02-21 23:52:18,285", "levelname": "WARNING", "name": "error", "message": "http_exception", "path": "/predict/yogyakarta", "method": "POST", "status_code": 404, "detail": "Region not found", "request_id": "TEST-12345"}
{"asctime": "2026-02-21 23:52:18,287", "levelname": "INFO", "name": "inference", "message": "RequestID=TEST-12345 | Method=POST | Path=/predict/yogyakarta | Latency=24.17 ms | Status=404"}
{"asctime": "2026-02-21 23:52:20,262", "levelname": "WARNING", "name": "error", "message": "http_exception", "path": "/predict/yogyakarta", "method": "POST", "status_code": 404, "detail": "Region not found", "request_id": "TEST-12345"}
{"asctime": "2026-02-21 23:52:20,262", "levelname": "INFO", "name": "inference", "message": "RequestID=TEST-12345 | Method=POST | Path=/predict/yogyakarta | Latency=4.06 ms | Status=404"}
{"asctime": "2026-02-21 23:52:48,842", "levelname": "INFO", "name": "inference", "message": "RequestID=62561dba-61d7-47ee-85da-dea5ae9bc25e | Method=GET | Path=/docs | Latency=0.64 ms | Status=200"}
{"asctime": "2026-02-21 23:52:49,048", "levelname": "INFO", "name": "inference", "message": "RequestID=aaedd05b-4027-41d5-b240-ec49dd10830d | Method=GET | Path=/openapi.json | Latency=68.44 ms | Status=200"}
{"asctime": "2026-02-21 23:53:22,247", "levelname": "INFO", "name": "inference", "message": "loading_model", "region": "jakarta_pusat", "model_uri": "models:/jakarta_pusat_model@production"}
{"asctime": "2026-02-21 23:53:23,434", "levelname": "ERROR", "name": "inference", "message": "model_load_error", "region": "jakarta_pusat", "error": "Detected out-of-date database schema (found version 1b5f0d9ad7c1, but expected d3e4f5a6b7c8). Take a backup of your database, then run 'mlflow db upgrade <database_uri>' to migrate your database to the latest schema. NOTE: schema migration may result in database downtime - please consult your database's documentation for more detail."}
{"asctime": "2026-02-21 23:53:23,440", "levelname": "INFO", "name": "inference", "message": "loading_model", "region": "jakarta_selatan", "model_uri": "models:/jakarta_selatan_model@production"}
{"asctime": "2026-02-21 23:53:23,654", "levelname": "ERROR", "name": "inference", "message": "model_load_error", "region": "jakarta_selatan", "error": "Detected out-of-date database schema (found version 1b5f0d9ad7c1, but expected d3e4f5a6b7c8). Take a backup of your database, then run 'mlflow db upgrade <database_uri>' to migrate your database to the latest schema. NOTE: schema migration may result in database downtime - please consult your database's documentation for more detail."}
{"asctime": "2026-02-21 23:53:23,659", "levelname": "INFO", "name": "inference", "message": "loading_model", "region": "jakarta_utara", "model_uri": "models:/jakarta_utara_model@production"}
{"asctime": "2026-02-21 23:53:23,844", "levelname": "ERROR", "name": "inference", "message": "model_load_error", "region": "jakarta_utara", "error": "Detected out-of-date database schema (found version 1b5f0d9ad7c1, but expected d3e4f5a6b7c8). Take a backup of your database, then run 'mlflow db upgrade <database_uri>' to migrate your database to the latest schema. NOTE: schema migration may result in database downtime - please consult your database's documentation for more detail."}
{"asctime": "2026-02-21 23:53:23,844", "levelname": "INFO", "name": "inference", "message": "loading_model", "region": "yogyakarta", "model_uri": "models:/yogyakarta_model@production"}
{"asctime": "2026-02-21 23:53:24,061", "levelname": "ERROR", "name": "inference", "message": "model_load_error", "region": "yogyakarta", "error": "Detected out-of-date database schema (found version 1b5f0d9ad7c1, but expected d3e4f5a6b7c8). Take a backup of your database, then run 'mlflow db upgrade <database_uri>' to migrate your database to the latest schema. NOTE: schema migration may result in database downtime - please consult your database's documentation for more detail."}
{"asctime": "2026-02-21 23:53:27,692", "levelname": "INFO", "name": "inference", "message": "RequestID=d51d7f0a-40e2-4193-acf6-97da9348ff92 | Method=GET | Path=/ | Latency=2.11 ms | Status=404"}
{"asctime": "2026-02-21 23:53:27,779", "levelname": "INFO", "name": "inference", "message": "RequestID=0b930805-8888-45ff-8ef7-1c705a17390d | Method=GET | Path=/favicon.ico | Latency=1.52 ms | Status=404"}
{"asctime": "2026-02-21 23:53:30,695", "levelname": "INFO", "name": "inference", "message": "RequestID=e78c3129-adb9-4bb5-a2aa-9191f45b1150 | Method=GET | Path=/docs | Latency=1.20 ms | Status=200"}
{"asctime": "2026-02-21 23:53:30,882", "levelname": "INFO", "name": "inference", "message": "RequestID=de5cdaac-5105-42c9-94d0-af32edec47d5 | Method=GET | Path=/openapi.json | Latency=40.63 ms | Status=200"}
{"asctime": "2026-02-21 23:53:37,041", "levelname": "INFO", "name": "inference", "message": "RequestID=8cb33c4c-ef19-426e-a834-99313f3ee725 | Method=GET | Path=/health | Latency=14.96 ms | Status=200"}
{"asctime": "2026-02-21 23:55:14,478", "levelname": "INFO", "name": "inference", "message": "inference_event", "region": "yogyakarta", "model_version": "v2", "request_id": "TEST-12345", "input": {"luas_kamar": 10.0, "jarak_ke_bca": 2.3, "tipe_kos": "putra", "is_km_dalam": 1, "is_water_heater": 1, "is_furnished": 1, "is_listrik_free": 0, "is_parkir_mobil": 1, "is_mesin_cuci": 0}, "output": 1791005.6903372924, "latency_sec": 0.12639737129211426}
{"asctime": "2026-02-21 23:55:14,482", "levelname": "INFO", "name": "inference", "message": "RequestID=TEST-12345 | Method=POST | Path=/predict/yogyakarta | Latency=131.15 ms | Status=200"}
{"asctime": "2026-02-21 23:55:26,192", "levelname": "WARNING", "name": "error", "message": "http_exception", "path": "/predict/yogyakarta", "method": "POST", "status_code": 404, "detail": "Region not found", "request_id": "TEST-12345"}
{"asctime": "2026-02-21 23:55:26,194", "levelname": "INFO", "name": "inference", "message": "RequestID=TEST-12345 | Method=POST | Path=/predict/yogyakarta | Latency=14.95 ms | Status=404"}
{"asctime": "2026-02-21 23:55:30,282", "levelname": "INFO", "name": "inference", "message": "inference_event", "region": "yogyakarta", "model_version": "v2", "request_id": "TEST-12345", "input": {"luas_kamar": 10.0, "jarak_ke_bca": 2.3, "tipe_kos": "putra", "is_km_dalam": 1, "is_water_heater": 1, "is_furnished": 1, "is_listrik_free": 0, "is_parkir_mobil": 1, "is_mesin_cuci": 0}, "output": 1791005.6903372922, "latency_sec": 0.12317872047424316}
{"asctime": "2026-02-21 23:55:30,287", "levelname": "INFO", "name": "inference", "message": "RequestID=TEST-12345 | Method=POST | Path=/predict/yogyakarta | Latency=126.95 ms | Status=200"}
{"asctime": "2026-02-21 23:55:52,568", "levelname": "INFO", "name": "inference", "message": "inference_event", "region": "jakarta_utara", "model_version": "v2", "request_id": "TEST-12345", "input": {"luas_kamar": 10.0, "jarak_ke_bca": 2.3, "tipe_kos": "putra", "is_km_dalam": 1, "is_water_heater": 1, "is_furnished": 1, "is_listrik_free": 0, "is_parkir_mobil": 1, "is_mesin_cuci": 0}, "output": 2256273.9263381134, "latency_sec": 0.10495352745056152}
{"asctime": "2026-02-21 23:55:52,570", "levelname": "INFO", "name": "inference", "message": "RequestID=TEST-12345 | Method=POST | Path=/predict/jakarta_utara | Latency=103.99 ms | Status=200"}
{"asctime": "2026-02-21 23:56:14,576", "levelname": "INFO", "name": "inference", "message": "inference_event", "region": "jakarta_utara", "model_version": "v2", "request_id": "TEST-12345", "input": {"luas_kamar": 10.0, "jarak_ke_bca": 2.3, "tipe_kos": "putra", "is_km_dalam": 1, "is_water_heater": 1, "is_furnished": 1, "is_listrik_free": 0, "is_parkir_mobil": 1, "is_mesin_cuci": 0}, "output": 2256273.9263381134, "latency_sec": 0.11363673210144043}
{"asctime": "2026-02-21 23:56:14,582", "levelname": "INFO", "name": "inference", "message": "RequestID=TEST-12345 | Method=POST | Path=/predict/jakarta_utara | Latency=120.00 ms | Status=200"}
{"asctime": "2026-02-21 23:56:21,345", "levelname": "WARNING", "name": "error", "message": "http_exception", "path": "/predict/jakarta_utara", "method": "POST", "status_code": 404, "detail": "Region not found", "request_id": "TEST-12345"}
{"asctime": "2026-02-21 23:56:21,347", "levelname": "INFO", "name": "inference", "message": "RequestID=TEST-12345 | Method=POST | Path=/predict/jakarta_utara | Latency=3.32 ms | Status=404"}
{"asctime": "2026-02-21 23:56:32,535", "levelname": "INFO", "name": "inference", "message": "inference_event", "region": "jakarta_utara", "model_version": "v2", "request_id": "TEST-12345", "input": {"luas_kamar": 10.0, "jarak_ke_bca": 2.3, "tipe_kos": "putra", "is_km_dalam": 1, "is_water_heater": 1, "is_furnished": 1, "is_listrik_free": 0, "is_parkir_mobil": 1, "is_mesin_cuci": 0}, "output": 2256273.9263381134, "latency_sec": 0.11057305335998535}
{"asctime": "2026-02-21 23:56:32,539", "levelname": "INFO", "name": "inference", "message": "RequestID=TEST-12345 | Method=POST | Path=/predict/jakarta_utara | Latency=117.21 ms | Status=200"}
{"asctime": "2026-02-21 23:56:47,476", "levelname": "INFO", "name": "inference", "message": "inference_event", "region": "jakarta_utara", "model_version": "v2", "request_id": "TEST-12345", "input": {"luas_kamar": 10.0, "jarak_ke_bca": 2.3, "tipe_kos": "putra", "is_km_dalam": 1, "is_water_heater": 1, "is_furnished": 1, "is_listrik_free": 0, "is_parkir_mobil": 1, "is_mesin_cuci": 0}, "output": 2256273.9263381134, "latency_sec": 0.11065387725830078}
{"asctime": "2026-02-21 23:56:47,482", "levelname": "INFO", "name": "inference", "message": "RequestID=TEST-12345 | Method=POST | Path=/predict/jakarta_utara | Latency=117.21 ms | Status=200"}
{"asctime": "2026-02-21 23:56:49,461", "levelname": "INFO", "name": "inference", "message": "inference_event", "region": "jakarta_utara", "model_version": "v2", "request_id": "TEST-12345", "input": {"luas_kamar": 10.0, "jarak_ke_bca": 2.3, "tipe_kos": "putra", "is_km_dalam": 1, "is_water_heater": 1, "is_furnished": 1, "is_listrik_free": 0, "is_parkir_mobil": 1, "is_mesin_cuci": 0}, "output": 2256273.9263381134, "latency_sec": 0.0988764762878418}
{"asctime": "2026-02-21 23:56:49,465", "levelname": "INFO", "name": "inference", "message": "RequestID=TEST-12345 | Method=POST | Path=/predict/jakarta_utara | Latency=104.83 ms | Status=200"}
{"asctime": "2026-02-21 23:57:40,251", "levelname": "INFO", "name": "inference", "message": "RequestID=37532e64-1837-48fa-bfab-9379e46b15c4 | Method=GET | Path=/docs | Latency=0.53 ms | Status=200"}
{"asctime": "2026-02-21 23:57:40,443", "levelname": "INFO", "name": "inference", "message": "RequestID=6c4fbfd4-036e-4f71-97f9-2fa0725c3777 | Method=GET | Path=/openapi.json | Latency=0.56 ms | Status=200"}
{"asctime": "2026-02-21 23:57:44,578", "levelname": "INFO", "name": "inference", "message": "RequestID=94aaf1fc-14a9-4a4e-9093-dbfa516c084e | Method=GET | Path=/health | Latency=3.34 ms | Status=200"}
{"asctime": "2026-02-21 23:58:25,419", "levelname": "WARNING", "name": "error", "message": "http_exception", "path": "/predict/jakarta_utara", "method": "POST", "status_code": 404, "detail": "Region not found", "request_id": "TEST-12345"}
{"asctime": "2026-02-21 23:58:25,420", "levelname": "INFO", "name": "inference", "message": "RequestID=TEST-12345 | Method=POST | Path=/predict/jakarta_utara | Latency=4.66 ms | Status=404"}
{"asctime": "2026-02-21 23:59:24,457", "levelname": "INFO", "name": "inference", "message": "inference_event", "region": "jakarta_utara", "model_version": "v2", "request_id": "TEST-12345", "input": {"luas_kamar": 10.0, "jarak_ke_bca": 2.3, "tipe_kos": "putra", "is_km_dalam": 1, "is_water_heater": 1, "is_furnished": 1, "is_listrik_free": 0, "is_parkir_mobil": 1, "is_mesin_cuci": 0}, "output": 2256273.9263381134, "latency_sec": 0.14820313453674316}
{"asctime": "2026-02-21 23:59:24,459", "levelname": "INFO", "name": "inference", "message": "RequestID=TEST-12345 | Method=POST | Path=/predict/jakarta_utara | Latency=150.71 ms | Status=200"}
{"asctime": "2026-02-22 00:03:37,530", "levelname": "INFO", "name": "inference", "message": "loading_model", "region": "jakarta_pusat", "model_uri": "models:/jakarta_pusat_model@production"}
{"asctime": "2026-02-22 00:03:42,633", "levelname": "INFO", "name": "inference", "message": "loading_model", "region": "jakarta_selatan", "model_uri": "models:/jakarta_selatan_model@production"}
{"asctime": "2026-02-22 00:03:42,900", "levelname": "INFO", "name": "inference", "message": "loading_model", "region": "jakarta_utara", "model_uri": "models:/jakarta_utara_model@production"}
{"asctime": "2026-02-22 00:03:43,000", "levelname": "INFO", "name": "inference", "message": "loading_model", "region": "yogyakarta", "model_uri": "models:/yogyakarta_model@production"}
{"asctime": "2026-02-22 00:04:10,117", "levelname": "INFO", "name": "inference", "message": "RequestID=69403f29-df37-4466-aed7-ac7e5eb9be3f | Method=GET | Path=/health | Latency=3.59 ms | Status=200"}
{"asctime": "2026-02-22 00:04:12,249", "levelname": "INFO", "name": "inference", "message": "inference_event", "region": "yogyakarta", "model_version": "v1.0.0", "request_id": "3793305d-3cd6-424a-bd7c-89443240ab0b", "input": {"luas_kamar": 12.0, "jarak_ke_bca": 1.5, "tipe_kos": "putra", "is_km_dalam": 1, "is_water_heater": 1, "is_furnished": 1, "is_listrik_free": 0, "is_parkir_mobil": 1, "is_mesin_cuci": 0}, "output": 1813425.9118159132, "latency_sec": 0.09258222579956055}
{"asctime": "2026-02-22 00:04:12,249", "levelname": "INFO", "name": "inference", "message": "RequestID=3793305d-3cd6-424a-bd7c-89443240ab0b | Method=POST | Path=/predict/yogyakarta | Latency=100.05 ms | Status=200"}
{"asctime": "2026-02-22 00:04:14,298", "levelname": "INFO", "name": "inference", "message": "RequestID=dab67e89-9bf8-4451-a684-efc68167f14c | Method=GET | Path=/model-info/jakarta_pusat | Latency=1.76 ms | Status=200"}
{"asctime": "2026-02-22 00:04:16,338", "levelname": "INFO", "name": "inference", "message": "RequestID=df625a1d-36cc-4f32-b4d8-ecef9f47b505 | Method=GET | Path=/model-info/jakarta_selatan | Latency=1.93 ms | Status=200"}
{"asctime": "2026-02-22 00:04:18,390", "levelname": "INFO", "name": "inference", "message": "RequestID=783fcb2a-cb5f-4df8-94c7-45409e168694 | Method=GET | Path=/model-info/jakarta_utara | Latency=2.50 ms | Status=200"}
{"asctime": "2026-02-22 00:04:20,432", "levelname": "INFO", "name": "inference", "message": "RequestID=8d683a4d-f975-4946-966a-f7c0254a63b4 | Method=GET | Path=/model-info/yogyakarta | Latency=2.05 ms | Status=200"}
{"asctime": "2026-02-22 00:05:51,813", "levelname": "INFO", "name": "inference", "message": "inference_event", "region": "jakarta_utara", "model_version": "v1.0.0", "request_id": "TEST-12345", "input": {"luas_kamar": 10.0, "jarak_ke_bca": 2.3, "tipe_kos": "putra", "is_km_dalam": 1, "is_water_heater": 1, "is_furnished": 1, "is_listrik_free": 0, "is_parkir_mobil": 1, "is_mesin_cuci": 0}, "output": 2256273.926338113, "latency_sec": 0.11813139915466309}
{"asctime": "2026-02-22 00:05:51,817", "levelname": "INFO", "name": "inference", "message": "RequestID=TEST-12345 | Method=POST | Path=/predict/jakarta_utara | Latency=120.14 ms | Status=200"}
{"asctime": "2026-02-22 00:06:18,475", "levelname": "INFO", "name": "inference", "message": "RequestID=b6b0991d-9b33-493f-97e6-8e6f2d963bd0 | Method=GET | Path=/health | Latency=1.57 ms | Status=200"}
{"asctime": "2026-02-22 00:08:49,968", "levelname": "INFO", "name": "inference", "message": "loading_model", "region": "jakarta_pusat", "model_uri": "models:/jakarta_pusat_model@production"}
{"asctime": "2026-02-22 00:08:50,385", "levelname": "ERROR", "name": "inference", "message": "model_load_error", "region": "jakarta_pusat", "error": "Detected out-of-date database schema (found version 1b5f0d9ad7c1, but expected d3e4f5a6b7c8). Take a backup of your database, then run 'mlflow db upgrade <database_uri>' to migrate your database to the latest schema. NOTE: schema migration may result in database downtime - please consult your database's documentation for more detail."}
{"asctime": "2026-02-22 00:08:50,385", "levelname": "INFO", "name": "inference", "message": "loading_model", "region": "jakarta_selatan", "model_uri": "models:/jakarta_selatan_model@production"}
{"asctime": "2026-02-22 00:08:50,482", "levelname": "ERROR", "name": "inference", "message": "model_load_error", "region": "jakarta_selatan", "error": "Detected out-of-date database schema (found version 1b5f0d9ad7c1, but expected d3e4f5a6b7c8). Take a backup of your database, then run 'mlflow db upgrade <database_uri>' to migrate your database to the latest schema. NOTE: schema migration may result in database downtime - please consult your database's documentation for more detail."}
{"asctime": "2026-02-22 00:08:50,485", "levelname": "INFO", "name": "inference", "message": "loading_model", "region": "jakarta_utara", "model_uri": "models:/jakarta_utara_model@production"}
{"asctime": "2026-02-22 00:08:50,589", "levelname": "ERROR", "name": "inference", "message": "model_load_error", "region": "jakarta_utara", "error": "Detected out-of-date database schema (found version 1b5f0d9ad7c1, but expected d3e4f5a6b7c8). Take a backup of your database, then run 'mlflow db upgrade <database_uri>' to migrate your database to the latest schema. NOTE: schema migration may result in database downtime - please consult your database's documentation for more detail."}
{"asctime": "2026-02-22 00:08:50,590", "levelname": "INFO", "name": "inference", "message": "loading_model", "region": "yogyakarta", "model_uri": "models:/yogyakarta_model@production"}
{"asctime": "2026-02-22 00:08:50,667", "levelname": "ERROR", "name": "inference", "message": "model_load_error", "region": "yogyakarta", "error": "Detected out-of-date database schema (found version 1b5f0d9ad7c1, but expected d3e4f5a6b7c8). Take a backup of your database, then run 'mlflow db upgrade <database_uri>' to migrate your database to the latest schema. NOTE: schema migration may result in database downtime - please consult your database's documentation for more detail."}
{"asctime": "2026-02-22 00:09:00,592", "levelname": "INFO", "name": "inference", "message": "RequestID=c9123f75-5a34-4162-986d-cfba87b83854 | Method=GET | Path=/ | Latency=1.49 ms | Status=404"}
{"asctime": "2026-02-22 00:09:03,283", "levelname": "INFO", "name": "inference", "message": "RequestID=c6b525aa-2786-46bf-8921-0b38890ae18c | Method=GET | Path=/docs | Latency=1.34 ms | Status=200"}
{"asctime": "2026-02-22 00:09:03,431", "levelname": "INFO", "name": "inference", "message": "RequestID=581bfa23-a448-4805-9c6e-28bc60aa8562 | Method=GET | Path=/openapi.json | Latency=40.97 ms | Status=200"}
{"asctime": "2026-02-22 00:09:12,559", "levelname": "WARNING", "name": "error", "message": "http_exception", "path": "/predict/jakarta_utara", "method": "POST", "status_code": 404, "detail": "Region not found", "request_id": "TEST-12345"}
{"asctime": "2026-02-22 00:09:12,559", "levelname": "INFO", "name": "inference", "message": "RequestID=TEST-12345 | Method=POST | Path=/predict/jakarta_utara | Latency=22.43 ms | Status=404"}
{"asctime": "2026-02-22 00:09:28,061", "levelname": "WARNING", "name": "error", "message": "http_exception", "path": "/predict/jakarta_utara", "method": "POST", "status_code": 404, "detail": "Region not found", "request_id": "TEST-12345"}
{"asctime": "2026-02-22 00:09:28,061", "levelname": "INFO", "name": "inference", "message": "RequestID=TEST-12345 | Method=POST | Path=/predict/jakarta_utara | Latency=4.04 ms | Status=404"}
{"asctime": "2026-02-22 00:09:31,930", "levelname": "INFO", "name": "inference", "message": "RequestID=8e684f9c-1fb1-44ee-a740-493d5385ae6c | Method=GET | Path=/health | Latency=3.11 ms | Status=200"}
{"asctime": "2026-02-22 00:11:21,911", "levelname": "INFO", "name": "inference", "message": "loading_model", "region": "jakarta_pusat", "model_uri": "models:/jakarta_pusat_model@production"}
{"asctime": "2026-02-22 00:11:22,947", "levelname": "ERROR", "name": "inference", "message": "model_load_error", "region": "jakarta_pusat", "error": "Detected out-of-date database schema (found version 1b5f0d9ad7c1, but expected d3e4f5a6b7c8). Take a backup of your database, then run 'mlflow db upgrade <database_uri>' to migrate your database to the latest schema. NOTE: schema migration may result in database downtime - please consult your database's documentation for more detail."}
{"asctime": "2026-02-22 00:11:22,954", "levelname": "INFO", "name": "inference", "message": "loading_model", "region": "jakarta_selatan", "model_uri": "models:/jakarta_selatan_model@production"}
{"asctime": "2026-02-22 00:11:23,142", "levelname": "ERROR", "name": "inference", "message": "model_load_error", "region": "jakarta_selatan", "error": "Detected out-of-date database schema (found version 1b5f0d9ad7c1, but expected d3e4f5a6b7c8). Take a backup of your database, then run 'mlflow db upgrade <database_uri>' to migrate your database to the latest schema. NOTE: schema migration may result in database downtime - please consult your database's documentation for more detail."}
{"asctime": "2026-02-22 00:11:23,148", "levelname": "INFO", "name": "inference", "message": "loading_model", "region": "jakarta_utara", "model_uri": "models:/jakarta_utara_model@production"}
{"asctime": "2026-02-22 00:11:23,347", "levelname": "ERROR", "name": "inference", "message": "model_load_error", "region": "jakarta_utara", "error": "Detected out-of-date database schema (found version 1b5f0d9ad7c1, but expected d3e4f5a6b7c8). Take a backup of your database, then run 'mlflow db upgrade <database_uri>' to migrate your database to the latest schema. NOTE: schema migration may result in database downtime - please consult your database's documentation for more detail."}
{"asctime": "2026-02-22 00:11:23,349", "levelname": "INFO", "name": "inference", "message": "loading_model", "region": "yogyakarta", "model_uri": "models:/yogyakarta_model@production"}
{"asctime": "2026-02-22 00:11:23,546", "levelname": "ERROR", "name": "inference", "message": "model_load_error", "region": "yogyakarta", "error": "Detected out-of-date database schema (found version 1b5f0d9ad7c1, but expected d3e4f5a6b7c8). Take a backup of your database, then run 'mlflow db upgrade <database_uri>' to migrate your database to the latest schema. NOTE: schema migration may result in database downtime - please consult your database's documentation for more detail."}
{"asctime": "2026-02-22 00:11:26,659", "levelname": "INFO", "name": "inference", "message": "RequestID=1662fd86-b452-45f9-a1d9-b3c7c0b0939e | Method=GET | Path=/ | Latency=1.43 ms | Status=404"}
{"asctime": "2026-02-22 00:11:26,798", "levelname": "INFO", "name": "inference", "message": "RequestID=7b641a56-82a6-4ee8-bd51-eeddff3d7466 | Method=GET | Path=/favicon.ico | Latency=1.36 ms | Status=404"}
{"asctime": "2026-02-22 00:11:33,922", "levelname": "INFO", "name": "inference", "message": "RequestID=83e47701-2eae-4e9b-9157-6e81a7490fe6 | Method=GET | Path=/health | Latency=14.39 ms | Status=200"}
{"asctime": "2026-02-22 00:11:39,709", "levelname": "WARNING", "name": "error", "message": "http_exception", "path": "/predict/jakarta_utara", "method": "POST", "status_code": 404, "detail": "Region not found", "request_id": "TEST-12345"}
{"asctime": "2026-02-22 00:11:39,709", "levelname": "INFO", "name": "inference", "message": "RequestID=TEST-12345 | Method=POST | Path=/predict/jakarta_utara | Latency=9.83 ms | Status=404"}
{"asctime": "2026-02-22 00:14:15,746", "levelname": "INFO", "name": "inference", "message": "loading_model", "region": "jakarta_pusat", "model_uri": "models:/jakarta_pusat_model@production"}
{"asctime": "2026-02-22 00:14:20,328", "levelname": "INFO", "name": "inference", "message": "loading_model", "region": "jakarta_selatan", "model_uri": "models:/jakarta_selatan_model@production"}
{"asctime": "2026-02-22 00:14:20,565", "levelname": "INFO", "name": "inference", "message": "loading_model", "region": "jakarta_utara", "model_uri": "models:/jakarta_utara_model@production"}
{"asctime": "2026-02-22 00:14:20,647", "levelname": "INFO", "name": "inference", "message": "loading_model", "region": "yogyakarta", "model_uri": "models:/yogyakarta_model@production"}
{"asctime": "2026-02-22 00:14:40,605", "levelname": "INFO", "name": "inference", "message": "RequestID=985550a5-2b81-496e-8afd-4eb2fdcae22b | Method=GET | Path=/health | Latency=4.23 ms | Status=200"}
{"asctime": "2026-02-22 00:14:42,732", "levelname": "INFO", "name": "inference", "message": "inference_event", "region": "yogyakarta", "model_version": "v1.0.0", "request_id": "84e35e6b-c4d8-426f-a6e0-342a64f43ff3", "input": {"luas_kamar": 12.0, "jarak_ke_bca": 1.5, "tipe_kos": "putra", "is_km_dalam": 1, "is_water_heater": 1, "is_furnished": 1, "is_listrik_free": 0, "is_parkir_mobil": 1, "is_mesin_cuci": 0}, "output": 1813425.9118159132, "latency_sec": 0.0944821834564209}
{"asctime": "2026-02-22 00:14:42,733", "levelname": "INFO", "name": "inference", "message": "RequestID=84e35e6b-c4d8-426f-a6e0-342a64f43ff3 | Method=POST | Path=/predict/yogyakarta | Latency=103.14 ms | Status=200"}
{"asctime": "2026-02-22 00:17:32,257", "levelname": "INFO", "name": "inference", "message": "loading_model", "region": "jakarta_pusat", "model_uri": "models:/jakarta_pusat_model@production"}
{"asctime": "2026-02-22 00:17:37,192", "levelname": "INFO", "name": "inference", "message": "loading_model", "region": "jakarta_selatan", "model_uri": "models:/jakarta_selatan_model@production"}
{"asctime": "2026-02-22 00:17:37,426", "levelname": "INFO", "name": "inference", "message": "loading_model", "region": "jakarta_utara", "model_uri": "models:/jakarta_utara_model@production"}
{"asctime": "2026-02-22 00:17:37,504", "levelname": "INFO", "name": "inference", "message": "loading_model", "region": "yogyakarta", "model_uri": "models:/yogyakarta_model@production"}
{"asctime": "2026-02-22 00:17:58,702", "levelname": "INFO", "name": "inference", "message": "RequestID=ebe2f3bd-2d0c-4b5e-b3b8-3157d4141e06 | Method=GET | Path=/health | Latency=4.16 ms | Status=200"}
{"asctime": "2026-02-22 00:18:00,834", "levelname": "INFO", "name": "inference", "message": "inference_event", "region": "yogyakarta", "model_version": "v1.0.0", "request_id": "99f25a6d-31d5-43ac-af04-783cb8b8538e", "input": {"luas_kamar": 12.0, "jarak_ke_bca": 1.5, "tipe_kos": "putra", "is_km_dalam": 1, "is_water_heater": 1, "is_furnished": 1, "is_listrik_free": 0, "is_parkir_mobil": 1, "is_mesin_cuci": 0}, "output": 1813425.9118159134, "latency_sec": 0.10218000411987305}
{"asctime": "2026-02-22 00:18:00,838", "levelname": "INFO", "name": "inference", "message": "RequestID=99f25a6d-31d5-43ac-af04-783cb8b8538e | Method=POST | Path=/predict/yogyakarta | Latency=109.80 ms | Status=200"}
{"asctime": "2026-02-22 00:20:40,408", "levelname": "INFO", "name": "inference", "message": "RequestID=029a4aa4-d04e-434a-baa5-19402610f593 | Method=GET | Path=/ | Latency=3.87 ms | Status=404"}
{"asctime": "2026-02-22 00:20:45,736", "levelname": "INFO", "name": "inference", "message": "inference_event", "region": "jakarta_utara", "model_version": "v1.0.0", "request_id": "TEST-12345", "input": {"luas_kamar": 10.0, "jarak_ke_bca": 2.3, "tipe_kos": "putra", "is_km_dalam": 1, "is_water_heater": 1, "is_furnished": 1, "is_listrik_free": 0, "is_parkir_mobil": 1, "is_mesin_cuci": 0}, "output": 2256273.926338113, "latency_sec": 0.13341140747070312}
{"asctime": "2026-02-22 00:20:45,740", "levelname": "INFO", "name": "inference", "message": "RequestID=TEST-12345 | Method=POST | Path=/predict/jakarta_utara | Latency=137.57 ms | Status=200"}
{"asctime": "2026-02-22 00:20:48,233", "levelname": "INFO", "name": "inference", "message": "loading_model", "region": "jakarta_pusat", "model_uri": "models:/jakarta_pusat_model@production"}
{"asctime": "2026-02-22 00:20:49,391", "levelname": "ERROR", "name": "inference", "message": "model_load_error", "region": "jakarta_pusat", "error": "Detected out-of-date database schema (found version 1b5f0d9ad7c1, but expected d3e4f5a6b7c8). Take a backup of your database, then run 'mlflow db upgrade <database_uri>' to migrate your database to the latest schema. NOTE: schema migration may result in database downtime - please consult your database's documentation for more detail."}
{"asctime": "2026-02-22 00:20:49,408", "levelname": "INFO", "name": "inference", "message": "loading_model", "region": "jakarta_selatan", "model_uri": "models:/jakarta_selatan_model@production"}
{"asctime": "2026-02-22 00:20:49,571", "levelname": "ERROR", "name": "inference", "message": "model_load_error", "region": "jakarta_selatan", "error": "Detected out-of-date database schema (found version 1b5f0d9ad7c1, but expected d3e4f5a6b7c8). Take a backup of your database, then run 'mlflow db upgrade <database_uri>' to migrate your database to the latest schema. NOTE: schema migration may result in database downtime - please consult your database's documentation for more detail."}
{"asctime": "2026-02-22 00:20:49,573", "levelname": "INFO", "name": "inference", "message": "loading_model", "region": "jakarta_utara", "model_uri": "models:/jakarta_utara_model@production"}
{"asctime": "2026-02-22 00:20:49,756", "levelname": "ERROR", "name": "inference", "message": "model_load_error", "region": "jakarta_utara", "error": "Detected out-of-date database schema (found version 1b5f0d9ad7c1, but expected d3e4f5a6b7c8). Take a backup of your database, then run 'mlflow db upgrade <database_uri>' to migrate your database to the latest schema. NOTE: schema migration may result in database downtime - please consult your database's documentation for more detail."}
{"asctime": "2026-02-22 00:20:49,762", "levelname": "INFO", "name": "inference", "message": "loading_model", "region": "yogyakarta", "model_uri": "models:/yogyakarta_model@production"}
{"asctime": "2026-02-22 00:20:49,953", "levelname": "ERROR", "name": "inference", "message": "model_load_error", "region": "yogyakarta", "error": "Detected out-of-date database schema (found version 1b5f0d9ad7c1, but expected d3e4f5a6b7c8). Take a backup of your database, then run 'mlflow db upgrade <database_uri>' to migrate your database to the latest schema. NOTE: schema migration may result in database downtime - please consult your database's documentation for more detail."}
{"asctime": "2026-02-22 00:20:58,749", "levelname": "INFO", "name": "inference", "message": "RequestID=f44b9878-a6a5-423e-8417-748ddeebfd08 | Method=GET | Path=/health | Latency=1.06 ms | Status=200"}
{"asctime": "2026-02-22 00:21:47,791", "levelname": "INFO", "name": "inference", "message": "RequestID=80a92481-7a10-4d6d-b908-673cc1615b51 | Method=GET | Path=/metrics | Latency=6.53 ms | Status=200"}
{"asctime": "2026-02-22 00:33:19,375", "levelname": "INFO", "name": "inference", "message": "loading_model", "region": "jakarta_pusat", "model_uri": "models:/jakarta_pusat_model@production"}
{"asctime": "2026-02-22 00:33:20,583", "levelname": "ERROR", "name": "inference", "message": "model_load_error", "region": "jakarta_pusat", "error": "Detected out-of-date database schema (found version 1b5f0d9ad7c1, but expected d3e4f5a6b7c8). Take a backup of your database, then run 'mlflow db upgrade <database_uri>' to migrate your database to the latest schema. NOTE: schema migration may result in database downtime - please consult your database's documentation for more detail."}
{"asctime": "2026-02-22 00:33:20,583", "levelname": "INFO", "name": "inference", "message": "loading_model", "region": "jakarta_selatan", "model_uri": "models:/jakarta_selatan_model@production"}
{"asctime": "2026-02-22 00:33:20,736", "levelname": "ERROR", "name": "inference", "message": "model_load_error", "region": "jakarta_selatan", "error": "Detected out-of-date database schema (found version 1b5f0d9ad7c1, but expected d3e4f5a6b7c8). Take a backup of your database, then run 'mlflow db upgrade <database_uri>' to migrate your database to the latest schema. NOTE: schema migration may result in database downtime - please consult your database's documentation for more detail."}
{"asctime": "2026-02-22 00:33:20,738", "levelname": "INFO", "name": "inference", "message": "loading_model", "region": "jakarta_utara", "model_uri": "models:/jakarta_utara_model@production"}
{"asctime": "2026-02-22 00:33:20,922", "levelname": "ERROR", "name": "inference", "message": "model_load_error", "region": "jakarta_utara", "error": "Detected out-of-date database schema (found version 1b5f0d9ad7c1, but expected d3e4f5a6b7c8). Take a backup of your database, then run 'mlflow db upgrade <database_uri>' to migrate your database to the latest schema. NOTE: schema migration may result in database downtime - please consult your database's documentation for more detail."}
{"asctime": "2026-02-22 00:33:20,924", "levelname": "INFO", "name": "inference", "message": "loading_model", "region": "yogyakarta", "model_uri": "models:/yogyakarta_model@production"}
{"asctime": "2026-02-22 00:33:21,116", "levelname": "ERROR", "name": "inference", "message": "model_load_error", "region": "yogyakarta", "error": "Detected out-of-date database schema (found version 1b5f0d9ad7c1, but expected d3e4f5a6b7c8). Take a backup of your database, then run 'mlflow db upgrade <database_uri>' to migrate your database to the latest schema. NOTE: schema migration may result in database downtime - please consult your database's documentation for more detail."}
{"asctime": "2026-02-22 00:33:21,312", "levelname": "INFO", "name": "inference", "message": "RequestID=60c91245-38e3-4457-9b0a-62619b07797f | Method=GET | Path=/ | Latency=0.90 ms | Status=404"}
{"asctime": "2026-02-22 00:33:21,391", "levelname": "INFO", "name": "inference", "message": "RequestID=4f5ce877-5f83-4abb-a36d-040a7d428a53 | Method=GET | Path=/favicon.ico | Latency=1.75 ms | Status=404"}
{"asctime": "2026-02-22 00:33:23,952", "levelname": "INFO", "name": "inference", "message": "RequestID=8762cbe6-f2b4-4e06-8208-9daffc3b0f0b | Method=GET | Path=/docs | Latency=1.11 ms | Status=200"}
{"asctime": "2026-02-22 00:33:24,146", "levelname": "INFO", "name": "inference", "message": "RequestID=5739a6b9-7e97-400f-bbbc-5e13bd8328f4 | Method=GET | Path=/openapi.json | Latency=60.30 ms | Status=200"}
{"asctime": "2026-02-22 00:33:43,881", "levelname": "WARNING", "name": "error", "message": "http_exception", "path": "/predict/jakarta_utara", "method": "POST", "status_code": 404, "detail": "Region not found", "request_id": "TEST-12345"}
{"asctime": "2026-02-22 00:33:43,885", "levelname": "INFO", "name": "inference", "message": "RequestID=TEST-12345 | Method=POST | Path=/predict/jakarta_utara | Latency=24.98 ms | Status=404"}
{"asctime": "2026-02-22 00:34:11,402", "levelname": "WARNING", "name": "error", "message": "http_exception", "path": "/predict/yogyakarta", "method": "POST", "status_code": 404, "detail": "Region not found", "request_id": "ef26b913-2e40-4fd5-b61a-d73677d75645"}
{"asctime": "2026-02-22 00:34:11,405", "levelname": "INFO", "name": "inference", "message": "RequestID=ef26b913-2e40-4fd5-b61a-d73677d75645 | Method=POST | Path=/predict/yogyakarta | Latency=6.61 ms | Status=404"}
{"asctime": "2026-02-22 00:38:30,204", "levelname": "INFO", "name": "inference", "message": "loading_model", "region": "jakarta_pusat", "model_uri": "models:/jakarta_pusat_model@production"}
{"asctime": "2026-02-22 00:38:38,664", "levelname": "INFO", "name": "inference", "message": "loading_model", "region": "jakarta_selatan", "model_uri": "models:/jakarta_selatan_model@production"}
{"asctime": "2026-02-22 00:38:38,846", "levelname": "INFO", "name": "inference", "message": "loading_model", "region": "jakarta_utara", "model_uri": "models:/jakarta_utara_model@production"}
{"asctime": "2026-02-22 00:38:39,001", "levelname": "INFO", "name": "inference", "message": "loading_model", "region": "yogyakarta", "model_uri": "models:/yogyakarta_model@production"}
{"asctime": "2026-02-22 00:41:22,045", "levelname": "INFO", "name": "inference", "message": "RequestID=8e91fd34-35d1-4bad-9235-8c5663a03e11 | Method=GET | Path=/ | Latency=1.64 ms | Status=404"}
{"asctime": "2026-02-22 00:41:22,126", "levelname": "INFO", "name": "inference", "message": "RequestID=16158b82-a7b8-42f4-90e0-e0cac0b733f0 | Method=GET | Path=/favicon.ico | Latency=1.57 ms | Status=404"}
{"asctime": "2026-02-22 00:41:23,918", "levelname": "INFO", "name": "inference", "message": "loading_model", "region": "jakarta_pusat", "model_uri": "models:/jakarta_pusat_model@production"}
{"asctime": "2026-02-22 00:41:25,066", "levelname": "ERROR", "name": "inference", "message": "model_load_error", "region": "jakarta_pusat", "error": "Detected out-of-date database schema (found version 1b5f0d9ad7c1, but expected d3e4f5a6b7c8). Take a backup of your database, then run 'mlflow db upgrade <database_uri>' to migrate your database to the latest schema. NOTE: schema migration may result in database downtime - please consult your database's documentation for more detail."}
{"asctime": "2026-02-22 00:41:25,074", "levelname": "INFO", "name": "inference", "message": "loading_model", "region": "jakarta_selatan", "model_uri": "models:/jakarta_selatan_model@production"}
{"asctime": "2026-02-22 00:41:25,285", "levelname": "ERROR", "name": "inference", "message": "model_load_error", "region": "jakarta_selatan", "error": "Detected out-of-date database schema (found version 1b5f0d9ad7c1, but expected d3e4f5a6b7c8). Take a backup of your database, then run 'mlflow db upgrade <database_uri>' to migrate your database to the latest schema. NOTE: schema migration may result in database downtime - please consult your database's documentation for more detail."}
{"asctime": "2026-02-22 00:41:25,286", "levelname": "INFO", "name": "inference", "message": "loading_model", "region": "jakarta_utara", "model_uri": "models:/jakarta_utara_model@production"}
{"asctime": "2026-02-22 00:41:25,496", "levelname": "ERROR", "name": "inference", "message": "model_load_error", "region": "jakarta_utara", "error": "Detected out-of-date database schema (found version 1b5f0d9ad7c1, but expected d3e4f5a6b7c8). Take a backup of your database, then run 'mlflow db upgrade <database_uri>' to migrate your database to the latest schema. NOTE: schema migration may result in database downtime - please consult your database's documentation for more detail."}
{"asctime": "2026-02-22 00:41:25,498", "levelname": "INFO", "name": "inference", "message": "loading_model", "region": "yogyakarta", "model_uri": "models:/yogyakarta_model@production"}
{"asctime": "2026-02-22 00:41:25,680", "levelname": "ERROR", "name": "inference", "message": "model_load_error", "region": "yogyakarta", "error": "Detected out-of-date database schema (found version 1b5f0d9ad7c1, but expected d3e4f5a6b7c8). Take a backup of your database, then run 'mlflow db upgrade <database_uri>' to migrate your database to the latest schema. NOTE: schema migration may result in database downtime - please consult your database's documentation for more detail."}
{"asctime": "2026-02-22 00:41:31,085", "levelname": "INFO", "name": "inference", "message": "inference_event", "region": "jakarta_utara", "model_version": "v1.0.0", "request_id": "TEST-12345", "input": {"luas_kamar": 10.0, "jarak_ke_bca": 2.3, "tipe_kos": "putra", "is_km_dalam": 1, "is_water_heater": 1, "is_furnished": 1, "is_listrik_free": 0, "is_parkir_mobil": 1, "is_mesin_cuci": 0}, "output": 2256273.9263381134, "latency_sec": 0.16926860809326172}
{"asctime": "2026-02-22 00:41:31,092", "levelname": "INFO", "name": "inference", "message": "RequestID=TEST-12345 | Method=POST | Path=/predict/jakarta_utara | Latency=187.53 ms | Status=200"}
{"asctime": "2026-02-22 00:41:39,676", "levelname": "INFO", "name": "inference", "message": "RequestID=2aa0b2a0-8527-4ed4-b6a3-3492eb2209ec | Method=GET | Path=/metrics | Latency=7.70 ms | Status=200"}
{"asctime": "2026-02-22 00:41:52,029", "levelname": "INFO", "name": "inference", "message": "RequestID=26de9818-ae8e-4011-835a-6f0c8c49e6cd | Method=GET | Path=/health | Latency=1.98 ms | Status=200"}
{"asctime": "2026-02-22 00:43:13,701", "levelname": "INFO", "name": "inference", "message": "inference_event", "region": "jakarta_utara", "model_version": "v1.0.0", "request_id": "TEST-12345", "input": {"luas_kamar": 20.0, "jarak_ke_bca": 2.3, "tipe_kos": "putri", "is_km_dalam": 1, "is_water_heater": 1, "is_furnished": 1, "is_listrik_free": 0, "is_parkir_mobil": 1, "is_mesin_cuci": 0}, "output": 2801642.5141239483, "latency_sec": 0.12250590324401855}
{"asctime": "2026-02-22 00:43:13,706", "levelname": "INFO", "name": "inference", "message": "RequestID=TEST-12345 | Method=POST | Path=/predict/jakarta_utara | Latency=129.46 ms | Status=200"}
{"asctime": "2026-02-22 00:43:17,760", "levelname": "INFO", "name": "inference", "message": "inference_event", "region": "jakarta_utara", "model_version": "v1.0.0", "request_id": "TEST-12345", "input": {"luas_kamar": 20.0, "jarak_ke_bca": 2.3, "tipe_kos": "putri", "is_km_dalam": 1, "is_water_heater": 1, "is_furnished": 1, "is_listrik_free": 1, "is_parkir_mobil": 1, "is_mesin_cuci": 0}, "output": 2711472.042719479, "latency_sec": 0.11302375793457031}
{"asctime": "2026-02-22 00:43:17,764", "levelname": "INFO", "name": "inference", "message": "RequestID=TEST-12345 | Method=POST | Path=/predict/jakarta_utara | Latency=116.21 ms | Status=200"}
{"asctime": "2026-02-22 00:43:23,822", "levelname": "INFO", "name": "inference", "message": "inference_event", "region": "jakarta_utara", "model_version": "v1.0.0", "request_id": "TEST-12345", "input": {"luas_kamar": 20.0, "jarak_ke_bca": 2.3, "tipe_kos": "putra", "is_km_dalam": 1, "is_water_heater": 1, "is_furnished": 1, "is_listrik_free": 1, "is_parkir_mobil": 1, "is_mesin_cuci": 0}, "output": 2650792.7786735464, "latency_sec": 0.1155710220336914}
{"asctime": "2026-02-22 00:43:23,825", "levelname": "INFO", "name": "inference", "message": "RequestID=TEST-12345 | Method=POST | Path=/predict/jakarta_utara | Latency=120.47 ms | Status=200"}
{"asctime": "2026-02-22 00:45:28,214", "levelname": "INFO", "name": "inference", "message": "RequestID=defe0038-3917-471b-9adc-996044cd8683 | Method=GET | Path=/metrics | Latency=4.12 ms | Status=200"}
{"asctime": "2026-02-22 00:45:33,399", "levelname": "INFO", "name": "inference", "message": "RequestID=a3f54cd2-9a06-4fae-859f-290722eb01c9 | Method=GET | Path=/metrics | Latency=3.49 ms | Status=200"}
{"asctime": "2026-02-22 00:45:38,706", "levelname": "INFO", "name": "inference", "message": "RequestID=efab08d6-f4a0-4eb8-9472-980c0d60e8d2 | Method=GET | Path=/metrics | Latency=3.40 ms | Status=200"}
{"asctime": "2026-02-22 00:45:43,849", "levelname": "INFO", "name": "inference", "message": "RequestID=48813eb0-bcbb-429b-b35f-03bcb0839e13 | Method=GET | Path=/metrics | Latency=3.40 ms | Status=200"}
{"asctime": "2026-02-22 00:45:48,978", "levelname": "INFO", "name": "inference", "message": "RequestID=7b4fdf92-2fc9-4c09-84a5-2e24d3aab85a | Method=GET | Path=/metrics | Latency=3.01 ms | Status=200"}
{"asctime": "2026-02-22 00:45:54,106", "levelname": "INFO", "name": "inference", "message": "RequestID=7161f982-3364-4603-9b95-18880fae01a1 | Method=GET | Path=/metrics | Latency=1.41 ms | Status=200"}
{"asctime": "2026-02-22 00:45:59,219", "levelname": "INFO", "name": "inference", "message": "RequestID=64ac579a-a95c-4b18-81a3-f4d5a2592845 | Method=GET | Path=/metrics | Latency=4.71 ms | Status=200"}
{"asctime": "2026-02-22 00:46:04,310", "levelname": "INFO", "name": "inference", "message": "RequestID=01ddeea2-bc7d-432f-9a75-20edd43bd5e9 | Method=GET | Path=/metrics | Latency=4.25 ms | Status=200"}
{"asctime": "2026-02-22 00:46:09,559", "levelname": "INFO", "name": "inference", "message": "RequestID=430c9850-0d51-4fc0-824c-5658a76acab1 | Method=GET | Path=/metrics | Latency=2.27 ms | Status=200"}
{"asctime": "2026-02-22 00:46:14,753", "levelname": "INFO", "name": "inference", "message": "RequestID=825d7068-3fd3-4f17-9d64-069459ca0f37 | Method=GET | Path=/metrics | Latency=3.49 ms | Status=200"}
{"asctime": "2026-02-22 00:46:19,892", "levelname": "INFO", "name": "inference", "message": "RequestID=9a03bdd5-93f2-475c-acae-f9ebff79b15a | Method=GET | Path=/metrics | Latency=4.37 ms | Status=200"}
{"asctime": "2026-02-22 00:46:25,025", "levelname": "INFO", "name": "inference", "message": "RequestID=43c8c640-f088-493f-a6c9-50bf6679777c | Method=GET | Path=/metrics | Latency=5.54 ms | Status=200"}
{"asctime": "2026-02-22 00:46:30,150", "levelname": "INFO", "name": "inference", "message": "RequestID=0ceda3e5-b4fa-4082-9226-81adf90e4f1a | Method=GET | Path=/metrics | Latency=3.47 ms | Status=200"}
{"asctime": "2026-02-22 00:46:52,401", "levelname": "INFO", "name": "inference", "message": "RequestID=91fb93c0-1d69-4559-911b-275d0da7ee1c | Method=GET | Path=/metrics | Latency=3.39 ms | Status=200"}
{"asctime": "2026-02-22 00:46:57,548", "levelname": "INFO", "name": "inference", "message": "RequestID=d91d92d9-a675-4b36-a791-7e387f03ed00 | Method=GET | Path=/metrics | Latency=3.42 ms | Status=200"}
{"asctime": "2026-02-22 00:47:02,690", "levelname": "INFO", "name": "inference", "message": "RequestID=8269dc1d-a7e8-45c9-b6c2-7e37f54019fd | Method=GET | Path=/metrics | Latency=3.44 ms | Status=200"}
{"asctime": "2026-02-22 00:47:07,832", "levelname": "INFO", "name": "inference", "message": "RequestID=a007b816-bade-4919-b53f-2eb6f97af46b | Method=GET | Path=/metrics | Latency=3.73 ms | Status=200"}
{"asctime": "2026-02-22 00:47:12,985", "levelname": "INFO", "name": "inference", "message": "RequestID=0d07d1d1-1f77-4bb5-9457-a5d80e478a1f | Method=GET | Path=/metrics | Latency=4.65 ms | Status=200"}
{"asctime": "2026-02-22 00:47:18,155", "levelname": "INFO", "name": "inference", "message": "RequestID=d0932b41-1bdd-47a4-8924-8abc863f777c | Method=GET | Path=/metrics | Latency=8.27 ms | Status=200"}
{"asctime": "2026-02-22 00:47:23,304", "levelname": "INFO", "name": "inference", "message": "RequestID=d0729ce6-8d2a-4704-ad89-801e2cb44b1e | Method=GET | Path=/metrics | Latency=3.77 ms | Status=200"}
{"asctime": "2026-02-22 00:47:28,442", "levelname": "INFO", "name": "inference", "message": "RequestID=2cf01fe1-5bb6-48d0-8d11-059bffdf28b5 | Method=GET | Path=/metrics | Latency=3.86 ms | Status=200"}
{"asctime": "2026-02-22 00:47:33,578", "levelname": "INFO", "name": "inference", "message": "RequestID=c2674ddc-1a98-4b08-a425-c89d4044d420 | Method=GET | Path=/metrics | Latency=5.00 ms | Status=200"}
{"asctime": "2026-02-22 00:47:38,747", "levelname": "INFO", "name": "inference", "message": "RequestID=63f4e2dd-6ea3-48fc-b0ba-84d6e73c63a4 | Method=GET | Path=/metrics | Latency=3.15 ms | Status=200"}
{"asctime": "2026-02-22 00:47:43,923", "levelname": "INFO", "name": "inference", "message": "RequestID=9af09343-a9f3-49b6-9425-38212f581859 | Method=GET | Path=/metrics | Latency=1.91 ms | Status=200"}
{"asctime": "2026-02-22 00:47:49,059", "levelname": "INFO", "name": "inference", "message": "RequestID=cd10a9c8-0b27-4eda-a3f6-4a6232ff6d37 | Method=GET | Path=/metrics | Latency=3.59 ms | Status=200"}
{"asctime": "2026-02-22 00:47:54,183", "levelname": "INFO", "name": "inference", "message": "RequestID=2da712c7-b1cd-42bd-b4e2-5e588b48b2fd | Method=GET | Path=/metrics | Latency=1.55 ms | Status=200"}
{"asctime": "2026-02-22 00:47:59,319", "levelname": "INFO", "name": "inference", "message": "RequestID=5ce2e413-3bc6-43e9-a766-6f0ff330c080 | Method=GET | Path=/metrics | Latency=2.87 ms | Status=200"}
{"asctime": "2026-02-22 00:48:04,450", "levelname": "INFO", "name": "inference", "message": "RequestID=99486120-cdeb-4d73-b675-68f88e1790b0 | Method=GET | Path=/metrics | Latency=4.04 ms | Status=200"}
{"asctime": "2026-02-22 00:48:09,598", "levelname": "INFO", "name": "inference", "message": "RequestID=672f9e25-5c24-4966-9879-2ec9a58a9b75 | Method=GET | Path=/metrics | Latency=3.29 ms | Status=200"}
{"asctime": "2026-02-22 00:48:14,829", "levelname": "INFO", "name": "inference", "message": "RequestID=f0a5a02b-a1ea-4131-a4f6-e302960dcac5 | Method=GET | Path=/metrics | Latency=4.55 ms | Status=200"}
{"asctime": "2026-02-22 00:48:19,974", "levelname": "INFO", "name": "inference", "message": "RequestID=fb464e7e-17e2-481d-af5f-14e015796bb9 | Method=GET | Path=/metrics | Latency=3.61 ms | Status=200"}
{"asctime": "2026-02-22 00:48:25,106", "levelname": "INFO", "name": "inference", "message": "RequestID=afc5b755-12d7-4aae-a463-db61a5b4912d | Method=GET | Path=/metrics | Latency=3.06 ms | Status=200"}
{"asctime": "2026-02-22 00:48:30,236", "levelname": "INFO", "name": "inference", "message": "RequestID=4602690b-651b-4b08-acad-4b8e6b41a512 | Method=GET | Path=/metrics | Latency=5.60 ms | Status=200"}
{"asctime": "2026-02-22 00:48:35,361", "levelname": "INFO", "name": "inference", "message": "RequestID=2cf74d03-eeff-443b-b9d8-f85b0276c06b | Method=GET | Path=/metrics | Latency=4.12 ms | Status=200"}
{"asctime": "2026-02-22 00:48:40,498", "levelname": "INFO", "name": "inference", "message": "RequestID=29313b15-255f-422e-a425-3df9abae4f24 | Method=GET | Path=/metrics | Latency=4.41 ms | Status=200"}
{"asctime": "2026-02-22 00:48:45,641", "levelname": "INFO", "name": "inference", "message": "RequestID=30d6c0c1-4a08-4bc2-9c40-3990818984bf | Method=GET | Path=/metrics | Latency=4.57 ms | Status=200"}
{"asctime": "2026-02-22 00:48:50,791", "levelname": "INFO", "name": "inference", "message": "RequestID=abb509ee-b7be-4032-97a1-d5bb335c7da4 | Method=GET | Path=/metrics | Latency=4.83 ms | Status=200"}
{"asctime": "2026-02-22 00:48:55,937", "levelname": "INFO", "name": "inference", "message": "RequestID=b5777199-37d4-4ba7-a545-dcf68e3837da | Method=GET | Path=/metrics | Latency=3.55 ms | Status=200"}
{"asctime": "2026-02-22 00:49:01,076", "levelname": "INFO", "name": "inference", "message": "RequestID=dcfbc17e-893d-4413-9b3c-4a463c6f8d40 | Method=GET | Path=/metrics | Latency=3.03 ms | Status=200"}
{"asctime": "2026-02-22 00:49:06,218", "levelname": "INFO", "name": "inference", "message": "RequestID=1d33d98e-3dd6-4449-ab3d-9e7e30d857bc | Method=GET | Path=/metrics | Latency=4.13 ms | Status=200"}
{"asctime": "2026-02-22 00:49:11,358", "levelname": "INFO", "name": "inference", "message": "RequestID=5728272c-d44d-4121-b02c-55a8df5b990a | Method=GET | Path=/metrics | Latency=4.16 ms | Status=200"}
{"asctime": "2026-02-22 00:49:16,501", "levelname": "INFO", "name": "inference", "message": "RequestID=74c635db-f84b-4d02-8fdc-a7143d48323a | Method=GET | Path=/metrics | Latency=4.77 ms | Status=200"}
{"asctime": "2026-02-22 00:49:21,660", "levelname": "INFO", "name": "inference", "message": "RequestID=6794aa90-713e-46a6-ab30-08a24d45acae | Method=GET | Path=/metrics | Latency=4.92 ms | Status=200"}
{"asctime": "2026-02-22 00:49:26,820", "levelname": "INFO", "name": "inference", "message": "RequestID=9d10c898-d220-470c-81fb-389d9e47316f | Method=GET | Path=/metrics | Latency=6.70 ms | Status=200"}
{"asctime": "2026-02-22 00:49:31,951", "levelname": "INFO", "name": "inference", "message": "RequestID=4846d88f-6e88-482e-8458-89929a23afe4 | Method=GET | Path=/metrics | Latency=9.17 ms | Status=200"}
{"asctime": "2026-02-22 00:49:37,074", "levelname": "INFO", "name": "inference", "message": "RequestID=93ea5718-7f1b-4e2f-84b7-a6b5a263537f | Method=GET | Path=/metrics | Latency=4.47 ms | Status=200"}
{"asctime": "2026-02-22 00:49:42,239", "levelname": "INFO", "name": "inference", "message": "RequestID=6bb1c5d3-bde9-4644-9ad2-bc9f52771565 | Method=GET | Path=/metrics | Latency=4.96 ms | Status=200"}
{"asctime": "2026-02-22 00:49:47,413", "levelname": "INFO", "name": "inference", "message": "RequestID=338edcd2-56a6-4406-9fd1-c238435c7131 | Method=GET | Path=/metrics | Latency=5.74 ms | Status=200"}
{"asctime": "2026-02-22 00:49:52,574", "levelname": "INFO", "name": "inference", "message": "RequestID=197c2b4a-c0ac-437b-a919-42333ea6934c | Method=GET | Path=/metrics | Latency=6.33 ms | Status=200"}
{"asctime": "2026-02-22 00:49:57,722", "levelname": "INFO", "name": "inference", "message": "RequestID=6161736e-0699-4aaf-82ec-dcc833277fbe | Method=GET | Path=/metrics | Latency=4.79 ms | Status=200"}
{"asctime": "2026-02-22 00:50:02,860", "levelname": "INFO", "name": "inference", "message": "RequestID=df37df77-9f21-4ddb-9f5a-24f3f853a940 | Method=GET | Path=/metrics | Latency=4.52 ms | Status=200"}
{"asctime": "2026-02-22 00:50:07,991", "levelname": "INFO", "name": "inference", "message": "RequestID=f483ac1c-3d4d-4874-9481-8c9a6bf2ded9 | Method=GET | Path=/metrics | Latency=3.19 ms | Status=200"}
{"asctime": "2026-02-22 00:50:13,136", "levelname": "INFO", "name": "inference", "message": "RequestID=3ff4ded7-53a2-4f36-a4aa-8168ab17f37a | Method=GET | Path=/metrics | Latency=4.44 ms | Status=200"}
{"asctime": "2026-02-22 00:50:18,359", "levelname": "INFO", "name": "inference", "message": "RequestID=760d4081-9702-4532-8f41-9ce8fba63eac | Method=GET | Path=/metrics | Latency=3.52 ms | Status=200"}
{"asctime": "2026-02-22 00:50:23,499", "levelname": "INFO", "name": "inference", "message": "RequestID=045f3205-ed53-49fa-acd4-8037fb56e5f7 | Method=GET | Path=/metrics | Latency=4.28 ms | Status=200"}
{"asctime": "2026-02-22 00:50:28,633", "levelname": "INFO", "name": "inference", "message": "RequestID=de0aea99-7965-4c6d-87b7-b6e5d2ffc182 | Method=GET | Path=/metrics | Latency=6.90 ms | Status=200"}
{"asctime": "2026-02-22 00:50:33,770", "levelname": "INFO", "name": "inference", "message": "RequestID=d60c42dc-11c8-474c-b1fb-26c69faca781 | Method=GET | Path=/metrics | Latency=2.60 ms | Status=200"}
{"asctime": "2026-02-22 00:50:38,917", "levelname": "INFO", "name": "inference", "message": "RequestID=07442c1a-1e2f-4265-8835-33fcc2fb2840 | Method=GET | Path=/metrics | Latency=4.90 ms | Status=200"}
{"asctime": "2026-02-22 00:50:44,071", "levelname": "INFO", "name": "inference", "message": "RequestID=8c2c45b9-e9e1-4480-8013-287abe2f43f2 | Method=GET | Path=/metrics | Latency=7.22 ms | Status=200"}
{"asctime": "2026-02-22 00:50:49,211", "levelname": "INFO", "name": "inference", "message": "RequestID=0ffd4bf4-b4be-466a-a60e-d39bd6cce5d3 | Method=GET | Path=/metrics | Latency=3.05 ms | Status=200"}
{"asctime": "2026-02-22 00:50:54,360", "levelname": "INFO", "name": "inference", "message": "RequestID=fa38d448-cfdf-4838-baaf-d0f7c27201ec | Method=GET | Path=/metrics | Latency=3.35 ms | Status=200"}
{"asctime": "2026-02-22 00:50:59,510", "levelname": "INFO", "name": "inference", "message": "RequestID=bf067513-3c94-41f3-aa7b-6ec84faf0816 | Method=GET | Path=/metrics | Latency=3.85 ms | Status=200"}
{"asctime": "2026-02-22 00:51:04,658", "levelname": "INFO", "name": "inference", "message": "RequestID=86a88940-f94c-4514-84a7-0848fd6bb5e4 | Method=GET | Path=/metrics | Latency=3.38 ms | Status=200"}
{"asctime": "2026-02-22 00:51:09,806", "levelname": "INFO", "name": "inference", "message": "RequestID=854b4903-f50d-437a-8699-3e21a2bb7c39 | Method=GET | Path=/metrics | Latency=3.35 ms | Status=200"}
{"asctime": "2026-02-22 00:51:14,956", "levelname": "INFO", "name": "inference", "message": "RequestID=8da4d898-3ee2-4874-8d40-435db78baa44 | Method=GET | Path=/metrics | Latency=5.33 ms | Status=200"}
{"asctime": "2026-02-22 00:51:20,101", "levelname": "INFO", "name": "inference", "message": "RequestID=2d628e44-c522-4b4b-bf65-37d84b0e7306 | Method=GET | Path=/metrics | Latency=4.73 ms | Status=200"}
{"asctime": "2026-02-22 00:51:25,249", "levelname": "INFO", "name": "inference", "message": "RequestID=074642db-2c2f-4c5f-b6d0-7d9a3991ef4c | Method=GET | Path=/metrics | Latency=3.40 ms | Status=200"}
{"asctime": "2026-02-22 00:51:42,736", "levelname": "INFO", "name": "inference", "message": "RequestID=7898d45a-7cf7-4b75-9bd5-873a56cc7d91 | Method=GET | Path=/metrics | Latency=4.29 ms | Status=200"}
{"asctime": "2026-02-22 00:51:47,899", "levelname": "INFO", "name": "inference", "message": "RequestID=85113de7-18c9-413a-8087-38749f0bcc37 | Method=GET | Path=/metrics | Latency=8.40 ms | Status=200"}
{"asctime": "2026-02-22 00:51:53,038", "levelname": "INFO", "name": "inference", "message": "RequestID=79f7eb12-a99a-44b1-b428-75114a6f9d71 | Method=GET | Path=/metrics | Latency=3.25 ms | Status=200"}
{"asctime": "2026-02-22 00:51:58,198", "levelname": "INFO", "name": "inference", "message": "RequestID=01d9aaaf-2541-457d-8500-95e0a6f1b1fa | Method=GET | Path=/metrics | Latency=3.25 ms | Status=200"}
{"asctime": "2026-02-22 00:52:03,344", "levelname": "INFO", "name": "inference", "message": "RequestID=fa4db5d0-f230-4206-95f0-640f4e0894e0 | Method=GET | Path=/metrics | Latency=2.92 ms | Status=200"}
{"asctime": "2026-02-22 00:52:08,505", "levelname": "INFO", "name": "inference", "message": "RequestID=c8c1987e-4747-4a62-9e34-03adc69fe388 | Method=GET | Path=/metrics | Latency=9.54 ms | Status=200"}
{"asctime": "2026-02-22 00:52:13,640", "levelname": "INFO", "name": "inference", "message": "RequestID=ae0def2a-ec06-47f4-ad28-1030fc04fdc2 | Method=GET | Path=/metrics | Latency=4.27 ms | Status=200"}
{"asctime": "2026-02-22 00:52:13,915", "levelname": "INFO", "name": "inference", "message": "inference_event", "region": "jakarta_utara", "model_version": "v1.0.0", "request_id": "TEST-12345", "input": {"luas_kamar": 20.0, "jarak_ke_bca": 2.3, "tipe_kos": "putra", "is_km_dalam": 1, "is_water_heater": 1, "is_furnished": 1, "is_listrik_free": 1, "is_parkir_mobil": 1, "is_mesin_cuci": 0}, "output": 2650792.7786735464, "latency_sec": 0.12382221221923828}
{"asctime": "2026-02-22 00:52:13,919", "levelname": "INFO", "name": "inference", "message": "RequestID=TEST-12345 | Method=POST | Path=/predict/jakarta_utara | Latency=127.49 ms | Status=200"}
{"asctime": "2026-02-22 00:52:15,083", "levelname": "INFO", "name": "inference", "message": "inference_event", "region": "jakarta_utara", "model_version": "v1.0.0", "request_id": "TEST-12345", "input": {"luas_kamar": 20.0, "jarak_ke_bca": 2.3, "tipe_kos": "putra", "is_km_dalam": 1, "is_water_heater": 1, "is_furnished": 1, "is_listrik_free": 1, "is_parkir_mobil": 1, "is_mesin_cuci": 0}, "output": 2650792.778673546, "latency_sec": 0.10295939445495605}
{"asctime": "2026-02-22 00:52:15,087", "levelname": "INFO", "name": "inference", "message": "RequestID=TEST-12345 | Method=POST | Path=/predict/jakarta_utara | Latency=106.22 ms | Status=200"}
{"asctime": "2026-02-22 00:52:18,801", "levelname": "INFO", "name": "inference", "message": "RequestID=d385eb6d-e4a5-409f-b5f1-75a268da3973 | Method=GET | Path=/metrics | Latency=7.22 ms | Status=200"}
{"asctime": "2026-02-22 00:52:23,494", "levelname": "INFO", "name": "inference", "message": "inference_event", "region": "jakarta_utara", "model_version": "v1.0.0", "request_id": "TEST-12345", "input": {"luas_kamar": 20.0, "jarak_ke_bca": 1.2, "tipe_kos": "campur", "is_km_dalam": 1, "is_water_heater": 1, "is_furnished": 1, "is_listrik_free": 1, "is_parkir_mobil": 1, "is_mesin_cuci": 0}, "output": 2806211.0918359035, "latency_sec": 0.1033928394317627}
{"asctime": "2026-02-22 00:52:23,497", "levelname": "INFO", "name": "inference", "message": "RequestID=TEST-12345 | Method=POST | Path=/predict/jakarta_utara | Latency=105.52 ms | Status=200"}
{"asctime": "2026-02-22 00:52:23,956", "levelname": "INFO", "name": "inference", "message": "RequestID=ea94c155-f533-4dc2-9627-bcd1cae99adf | Method=GET | Path=/metrics | Latency=4.63 ms | Status=200"}
{"asctime": "2026-02-22 00:52:29,108", "levelname": "INFO", "name": "inference", "message": "RequestID=cb140db0-c903-4a4a-a4d7-f3a2886c1a34 | Method=GET | Path=/metrics | Latency=3.04 ms | Status=200"}
{"asctime": "2026-02-22 00:52:43,928", "levelname": "INFO", "name": "inference", "message": "RequestID=cf7bc454-9c1c-48f6-9322-78632ab8d7dd | Method=GET | Path=/metrics | Latency=6.22 ms | Status=200"}
{"asctime": "2026-02-22 00:52:49,069", "levelname": "INFO", "name": "inference", "message": "RequestID=66dc0fb9-8f41-44c6-a670-048539f82477 | Method=GET | Path=/metrics | Latency=1.91 ms | Status=200"}
{"asctime": "2026-02-22 00:52:54,248", "levelname": "INFO", "name": "inference", "message": "RequestID=fd80ab30-1dbe-4a34-9c46-0f453d1c633f | Method=GET | Path=/metrics | Latency=6.03 ms | Status=200"}
{"asctime": "2026-02-22 00:52:59,412", "levelname": "INFO", "name": "inference", "message": "RequestID=2cc56c57-c1c5-44dc-94ed-1e76e880f4e4 | Method=GET | Path=/metrics | Latency=4.21 ms | Status=200"}
{"asctime": "2026-02-22 00:53:04,567", "levelname": "INFO", "name": "inference", "message": "RequestID=198023ce-cebc-45b5-b086-8129e63d2fa3 | Method=GET | Path=/metrics | Latency=4.44 ms | Status=200"}
{"asctime": "2026-02-22 00:53:09,717", "levelname": "INFO", "name": "inference", "message": "RequestID=fe88e070-e32b-4023-9df6-867731eb369b | Method=GET | Path=/metrics | Latency=5.07 ms | Status=200"}
{"asctime": "2026-02-22 00:53:14,875", "levelname": "INFO", "name": "inference", "message": "RequestID=45d11921-8184-4a69-82ba-f6e77a83d870 | Method=GET | Path=/metrics | Latency=4.86 ms | Status=200"}
{"asctime": "2026-02-22 00:53:20,019", "levelname": "INFO", "name": "inference", "message": "RequestID=4b0787ae-2653-4f6a-b93b-e36a23dbd762 | Method=GET | Path=/metrics | Latency=5.23 ms | Status=200"}
{"asctime": "2026-02-22 00:53:25,162", "levelname": "INFO", "name": "inference", "message": "RequestID=f250fd38-37e3-425c-b949-4b2dc772e96e | Method=GET | Path=/metrics | Latency=4.49 ms | Status=200"}
{"asctime": "2026-02-22 00:53:30,313", "levelname": "INFO", "name": "inference", "message": "RequestID=15308b9d-f15d-4eb1-bdf2-9071aba74fe1 | Method=GET | Path=/metrics | Latency=3.82 ms | Status=200"}
{"asctime": "2026-02-22 00:53:35,463", "levelname": "INFO", "name": "inference", "message": "RequestID=004e1c1b-7926-42c8-a0d9-8c16f0db7ab0 | Method=GET | Path=/metrics | Latency=4.54 ms | Status=200"}
{"asctime": "2026-02-22 00:53:40,613", "levelname": "INFO", "name": "inference", "message": "RequestID=80716e73-3330-45e5-84f9-8bc288f54cd0 | Method=GET | Path=/metrics | Latency=3.95 ms | Status=200"}
{"asctime": "2026-02-22 00:53:45,761", "levelname": "INFO", "name": "inference", "message": "RequestID=be4f76c0-dd02-46ee-babd-2ac23cdbe578 | Method=GET | Path=/metrics | Latency=4.36 ms | Status=200"}
{"asctime": "2026-02-22 00:53:50,915", "levelname": "INFO", "name": "inference", "message": "RequestID=ab73103a-0b50-4dc1-a86e-6830f9d5a2c4 | Method=GET | Path=/metrics | Latency=5.33 ms | Status=200"}
{"asctime": "2026-02-22 00:53:56,067", "levelname": "INFO", "name": "inference", "message": "RequestID=495851cc-9d20-4814-82ba-cc4d52988c9b | Method=GET | Path=/metrics | Latency=4.40 ms | Status=200"}
{"asctime": "2026-02-22 00:54:01,238", "levelname": "INFO", "name": "inference", "message": "RequestID=9569758f-9b78-4fe2-a8fb-6d5ee5e26f3f | Method=GET | Path=/metrics | Latency=9.47 ms | Status=200"}
{"asctime": "2026-02-22 00:54:06,379", "levelname": "INFO", "name": "inference", "message": "RequestID=04290f7b-38e9-4042-8c5e-8d74774d117c | Method=GET | Path=/metrics | Latency=4.46 ms | Status=200"}
{"asctime": "2026-02-22 00:54:11,533", "levelname": "INFO", "name": "inference", "message": "RequestID=776db754-d0c1-4701-97da-ecc2918ee374 | Method=GET | Path=/metrics | Latency=4.47 ms | Status=200"}
{"asctime": "2026-02-22 00:54:16,691", "levelname": "INFO", "name": "inference", "message": "RequestID=67828c5b-1d4f-4153-b3db-0031d947b890 | Method=GET | Path=/metrics | Latency=4.93 ms | Status=200"}
{"asctime": "2026-02-22 00:54:21,833", "levelname": "INFO", "name": "inference", "message": "RequestID=6b646272-7a43-41cd-a47a-07400d6672d8 | Method=GET | Path=/metrics | Latency=4.35 ms | Status=200"}
{"asctime": "2026-02-22 00:54:26,984", "levelname": "INFO", "name": "inference", "message": "RequestID=3c3c8528-f8f4-47af-9156-9314db79a7f9 | Method=GET | Path=/metrics | Latency=4.52 ms | Status=200"}
{"asctime": "2026-02-22 00:54:32,139", "levelname": "INFO", "name": "inference", "message": "RequestID=5fd0fabc-36a4-4e69-bdda-0c6b46431bcd | Method=GET | Path=/metrics | Latency=4.14 ms | Status=200"}
{"asctime": "2026-02-22 00:54:37,296", "levelname": "INFO", "name": "inference", "message": "RequestID=a5fe9466-b93b-49e1-81c0-40b4e694d4f4 | Method=GET | Path=/metrics | Latency=4.27 ms | Status=200"}
{"asctime": "2026-02-22 00:54:42,447", "levelname": "INFO", "name": "inference", "message": "RequestID=542c43fb-3bb9-4fad-a1b4-5278b1522cf3 | Method=GET | Path=/metrics | Latency=4.51 ms | Status=200"}
{"asctime": "2026-02-22 00:54:47,592", "levelname": "INFO", "name": "inference", "message": "RequestID=23afa67e-65e1-44a6-a32c-ed6585888e35 | Method=GET | Path=/metrics | Latency=4.44 ms | Status=200"}
{"asctime": "2026-02-22 00:54:51,130", "levelname": "INFO", "name": "inference", "message": "inference_event", "region": "jakarta_pusat", "model_version": "v1.0.0", "request_id": "TEST-12345", "input": {"luas_kamar": 18.0, "jarak_ke_bca": 1.2, "tipe_kos": "campur", "is_km_dalam": 1, "is_water_heater": 1, "is_furnished": 0, "is_listrik_free": 0, "is_parkir_mobil": 1, "is_mesin_cuci": 0}, "output": 4458412.044395923, "latency_sec": 0.10848259925842285}
{"asctime": "2026-02-22 00:54:51,133", "levelname": "INFO", "name": "inference", "message": "RequestID=TEST-12345 | Method=POST | Path=/predict/jakarta_pusat | Latency=113.20 ms | Status=200"}
{"asctime": "2026-02-22 00:54:52,748", "levelname": "INFO", "name": "inference", "message": "RequestID=119036ab-75a4-4705-8b82-54f5392fde7c | Method=GET | Path=/metrics | Latency=5.13 ms | Status=200"}
{"asctime": "2026-02-22 00:54:57,902", "levelname": "INFO", "name": "inference", "message": "RequestID=50e16c1b-23c7-4d10-91fc-6afc5ff178f3 | Method=GET | Path=/metrics | Latency=4.20 ms | Status=200"}
{"asctime": "2026-02-22 00:55:03,063", "levelname": "INFO", "name": "inference", "message": "RequestID=10ce9998-c98b-4caa-bcd4-4c4557ada3e2 | Method=GET | Path=/metrics | Latency=8.62 ms | Status=200"}
{"asctime": "2026-02-22 00:55:08,221", "levelname": "INFO", "name": "inference", "message": "RequestID=0625e4d9-ef38-4ed4-b944-9d443dd81b83 | Method=GET | Path=/metrics | Latency=5.51 ms | Status=200"}
{"asctime": "2026-02-22 00:55:13,367", "levelname": "INFO", "name": "inference", "message": "RequestID=56a6c017-7c52-4573-87d9-00242922fd99 | Method=GET | Path=/metrics | Latency=4.44 ms | Status=200"}
{"asctime": "2026-02-22 00:55:18,517", "levelname": "INFO", "name": "inference", "message": "RequestID=9b1799bd-0876-4a4b-9699-5fadcaf4b4b8 | Method=GET | Path=/metrics | Latency=4.90 ms | Status=200"}
{"asctime": "2026-02-22 00:55:23,668", "levelname": "INFO", "name": "inference", "message": "RequestID=5a0d18b6-05d6-4242-84f6-33e0de2440f6 | Method=GET | Path=/metrics | Latency=6.35 ms | Status=200"}
{"asctime": "2026-02-22 00:55:28,816", "levelname": "INFO", "name": "inference", "message": "RequestID=70166fb9-b6f7-4c88-a08e-e6394ce9ae0b | Method=GET | Path=/metrics | Latency=5.43 ms | Status=200"}
{"asctime": "2026-02-22 00:55:33,969", "levelname": "INFO", "name": "inference", "message": "RequestID=0950a73a-f41b-4198-aae3-020b314a5c60 | Method=GET | Path=/metrics | Latency=6.56 ms | Status=200"}
{"asctime": "2026-02-22 00:55:39,120", "levelname": "INFO", "name": "inference", "message": "RequestID=6c37d02f-7628-44f0-8745-dda9fd004648 | Method=GET | Path=/metrics | Latency=5.21 ms | Status=200"}
{"asctime": "2026-02-22 00:55:44,273", "levelname": "INFO", "name": "inference", "message": "RequestID=763695ca-bf18-404e-a795-a99185f2ee89 | Method=GET | Path=/metrics | Latency=7.34 ms | Status=200"}
{"asctime": "2026-02-22 00:55:49,421", "levelname": "INFO", "name": "inference", "message": "RequestID=39300133-38eb-444e-9ed3-8a519061de3c | Method=GET | Path=/metrics | Latency=4.80 ms | Status=200"}
{"asctime": "2026-02-22 00:55:54,577", "levelname": "INFO", "name": "inference", "message": "RequestID=0acbeb48-fcea-4bdb-9665-575da540f3e7 | Method=GET | Path=/metrics | Latency=6.03 ms | Status=200"}
{"asctime": "2026-02-22 00:55:59,738", "levelname": "INFO", "name": "inference", "message": "RequestID=d1b581cc-8182-42eb-921c-0f2ab585deae | Method=GET | Path=/metrics | Latency=5.68 ms | Status=200"}
{"asctime": "2026-02-22 00:56:04,898", "levelname": "INFO", "name": "inference", "message": "RequestID=3bb026c3-5460-4925-bc24-ada504b15939 | Method=GET | Path=/metrics | Latency=4.72 ms | Status=200"}
{"asctime": "2026-02-22 00:56:10,058", "levelname": "INFO", "name": "inference", "message": "RequestID=b573496b-87e7-4bfe-80a6-b35d918798e2 | Method=GET | Path=/metrics | Latency=4.02 ms | Status=200"}
{"asctime": "2026-02-22 00:56:15,213", "levelname": "INFO", "name": "inference", "message": "RequestID=bf1b36fc-c40c-4f22-80ee-fb865cd1c88f | Method=GET | Path=/metrics | Latency=4.94 ms | Status=200"}
{"asctime": "2026-02-22 00:56:20,363", "levelname": "INFO", "name": "inference", "message": "RequestID=072eea2b-44e2-4d10-8b14-2b4d671c7870 | Method=GET | Path=/metrics | Latency=4.88 ms | Status=200"}
{"asctime": "2026-02-22 00:56:25,518", "levelname": "INFO", "name": "inference", "message": "RequestID=84bff95d-a89d-4370-ae09-3f0b6460d7b9 | Method=GET | Path=/metrics | Latency=5.77 ms | Status=200"}
{"asctime": "2026-02-22 00:56:30,680", "levelname": "INFO", "name": "inference", "message": "RequestID=30f3ccd9-c2ea-47c6-8ecc-f7e6cb96ba40 | Method=GET | Path=/metrics | Latency=9.13 ms | Status=200"}
{"asctime": "2026-02-22 00:56:35,851", "levelname": "INFO", "name": "inference", "message": "RequestID=fdcdf3b6-4a63-4ec7-87b5-09a1ae942d21 | Method=GET | Path=/metrics | Latency=5.49 ms | Status=200"}
{"asctime": "2026-02-22 00:56:41,034", "levelname": "INFO", "name": "inference", "message": "RequestID=fba88fc5-24db-4c94-a1b4-95574c9746ed | Method=GET | Path=/metrics | Latency=7.48 ms | Status=200"}
{"asctime": "2026-02-22 00:56:46,187", "levelname": "INFO", "name": "inference", "message": "RequestID=2afbdc66-8fd9-4033-8ee8-17bb37d94644 | Method=GET | Path=/metrics | Latency=4.77 ms | Status=200"}
{"asctime": "2026-02-22 00:56:51,338", "levelname": "INFO", "name": "inference", "message": "RequestID=838c4cd5-f188-4246-9686-92fd06edf806 | Method=GET | Path=/metrics | Latency=4.79 ms | Status=200"}
{"asctime": "2026-02-22 00:56:56,490", "levelname": "INFO", "name": "inference", "message": "RequestID=d9b3525e-34b7-4077-8c38-8c0d42e2c9d0 | Method=GET | Path=/metrics | Latency=5.32 ms | Status=200"}
{"asctime": "2026-02-22 00:57:01,645", "levelname": "INFO", "name": "inference", "message": "RequestID=f1bd97f4-abb0-4110-91d6-9962837f3330 | Method=GET | Path=/metrics | Latency=5.11 ms | Status=200"}
{"asctime": "2026-02-22 00:57:06,810", "levelname": "INFO", "name": "inference", "message": "RequestID=c5582006-71fb-425b-a0ee-2531a0f38b37 | Method=GET | Path=/metrics | Latency=6.60 ms | Status=200"}
{"asctime": "2026-02-22 00:57:11,958", "levelname": "INFO", "name": "inference", "message": "RequestID=1c1ab619-6395-4310-9c1b-9b7493fd05c3 | Method=GET | Path=/metrics | Latency=4.97 ms | Status=200"}
{"asctime": "2026-02-22 00:57:17,118", "levelname": "INFO", "name": "inference", "message": "RequestID=8691affd-6215-4fdf-a4fa-833c4e2edbdd | Method=GET | Path=/metrics | Latency=6.33 ms | Status=200"}
{"asctime": "2026-02-22 00:57:22,265", "levelname": "INFO", "name": "inference", "message": "RequestID=41d2ab24-074a-4e70-9f8d-36167fb4c573 | Method=GET | Path=/metrics | Latency=5.07 ms | Status=200"}
{"asctime": "2026-02-22 00:57:27,417", "levelname": "INFO", "name": "inference", "message": "RequestID=c181248b-09ef-4762-be95-24198d7ea789 | Method=GET | Path=/metrics | Latency=7.10 ms | Status=200"}
{"asctime": "2026-02-22 00:57:32,574", "levelname": "INFO", "name": "inference", "message": "RequestID=07de95fd-055f-432a-86cc-b941a2bbaba7 | Method=GET | Path=/metrics | Latency=4.65 ms | Status=200"}
{"asctime": "2026-02-22 00:57:37,742", "levelname": "INFO", "name": "inference", "message": "RequestID=806684ce-26f9-4210-99de-8bada9699a8a | Method=GET | Path=/metrics | Latency=5.53 ms | Status=200"}
{"asctime": "2026-02-22 00:57:42,873", "levelname": "INFO", "name": "inference", "message": "RequestID=f27c3a40-2d6c-422d-8e08-eb15151ca062 | Method=GET | Path=/metrics | Latency=4.24 ms | Status=200"}
{"asctime": "2026-02-22 00:57:48,028", "levelname": "INFO", "name": "inference", "message": "RequestID=906b182b-acd6-41b4-83f8-8af2d832a85d | Method=GET | Path=/metrics | Latency=5.14 ms | Status=200"}
{"asctime": "2026-02-22 00:57:53,174", "levelname": "INFO", "name": "inference", "message": "RequestID=47fbf71d-0fb0-4d31-93aa-e67113d8ee59 | Method=GET | Path=/metrics | Latency=4.87 ms | Status=200"}
{"asctime": "2026-02-22 00:57:58,330", "levelname": "INFO", "name": "inference", "message": "RequestID=aca67149-2d60-4acd-9c0a-28d0a7f4ec92 | Method=GET | Path=/metrics | Latency=5.25 ms | Status=200"}
{"asctime": "2026-02-22 00:58:03,475", "levelname": "INFO", "name": "inference", "message": "RequestID=89590e03-9fe9-4e73-bb32-73ee15005cd5 | Method=GET | Path=/metrics | Latency=4.88 ms | Status=200"}
{"asctime": "2026-02-22 00:58:08,613", "levelname": "INFO", "name": "inference", "message": "RequestID=2652f2ec-956d-42f9-9a18-00d398959928 | Method=GET | Path=/metrics | Latency=4.56 ms | Status=200"}
{"asctime": "2026-02-22 00:58:13,756", "levelname": "INFO", "name": "inference", "message": "RequestID=e5a90672-e66b-4eef-b99a-260c1e3973d4 | Method=GET | Path=/metrics | Latency=3.42 ms | Status=200"}
{"asctime": "2026-02-22 00:58:18,921", "levelname": "INFO", "name": "inference", "message": "RequestID=3e680a80-9094-48c0-9572-5c96c7c4b6e9 | Method=GET | Path=/metrics | Latency=4.19 ms | Status=200"}
{"asctime": "2026-02-22 00:58:24,084", "levelname": "INFO", "name": "inference", "message": "RequestID=360bbba7-26a3-4601-ba1d-9b79cdbddef1 | Method=GET | Path=/metrics | Latency=4.58 ms | Status=200"}
{"asctime": "2026-02-22 00:58:29,241", "levelname": "INFO", "name": "inference", "message": "RequestID=aac03610-641e-4a8d-af39-27f495b014cf | Method=GET | Path=/metrics | Latency=4.83 ms | Status=200"}
{"asctime": "2026-02-22 00:58:34,401", "levelname": "INFO", "name": "inference", "message": "RequestID=b6aa08a2-5240-488f-9b24-68d8d611eeee | Method=GET | Path=/metrics | Latency=6.04 ms | Status=200"}
{"asctime": "2026-02-22 00:58:39,552", "levelname": "INFO", "name": "inference", "message": "RequestID=aca06904-5c45-49c4-a966-da340cbd00a3 | Method=GET | Path=/metrics | Latency=7.39 ms | Status=200"}
{"asctime": "2026-02-22 00:58:44,704", "levelname": "INFO", "name": "inference", "message": "RequestID=3e225088-8070-4089-a633-56fd8ffa568a | Method=GET | Path=/metrics | Latency=9.07 ms | Status=200"}
{"asctime": "2026-02-22 00:58:49,869", "levelname": "INFO", "name": "inference", "message": "RequestID=38801c8e-4a33-4fb1-8384-e687eae1b411 | Method=GET | Path=/metrics | Latency=15.42 ms | Status=200"}
{"asctime": "2026-02-22 00:58:54,999", "levelname": "INFO", "name": "inference", "message": "RequestID=ec987949-eab9-4737-81cc-f2c08e00ff2a | Method=GET | Path=/metrics | Latency=4.44 ms | Status=200"}
{"asctime": "2026-02-22 00:59:00,154", "levelname": "INFO", "name": "inference", "message": "RequestID=c65ed919-0a25-4bed-8dd9-f03280554bc5 | Method=GET | Path=/metrics | Latency=5.01 ms | Status=200"}
{"asctime": "2026-02-22 00:59:05,312", "levelname": "INFO", "name": "inference", "message": "RequestID=b4529178-3cd3-4ad5-8501-2779598c7ac5 | Method=GET | Path=/metrics | Latency=5.54 ms | Status=200"}
{"asctime": "2026-02-22 00:59:10,473", "levelname": "INFO", "name": "inference", "message": "RequestID=ed144365-1591-40f3-bbab-dacee8a242aa | Method=GET | Path=/metrics | Latency=4.21 ms | Status=200"}
{"asctime": "2026-02-22 00:59:15,630", "levelname": "INFO", "name": "inference", "message": "RequestID=54e727e3-b753-463a-87d7-a8c9ef6a64a9 | Method=GET | Path=/metrics | Latency=4.39 ms | Status=200"}
{"asctime": "2026-02-22 00:59:20,790", "levelname": "INFO", "name": "inference", "message": "RequestID=11384e44-4c0a-41a7-8b8b-1119bd83b97d | Method=GET | Path=/metrics | Latency=5.18 ms | Status=200"}
{"asctime": "2026-02-22 00:59:25,946", "levelname": "INFO", "name": "inference", "message": "RequestID=38949eb1-aafd-4431-9855-45a5b4ee09f9 | Method=GET | Path=/metrics | Latency=14.05 ms | Status=200"}
{"asctime": "2026-02-22 00:59:31,120", "levelname": "INFO", "name": "inference", "message": "RequestID=dab47872-00dd-4ab1-bda2-1720cd6999e9 | Method=GET | Path=/metrics | Latency=4.71 ms | Status=200"}
{"asctime": "2026-02-22 00:59:36,299", "levelname": "INFO", "name": "inference", "message": "RequestID=706b4f99-a465-4754-a1e8-7a0ed2f6b65e | Method=GET | Path=/metrics | Latency=4.05 ms | Status=200"}
{"asctime": "2026-02-22 00:59:41,478", "levelname": "INFO", "name": "inference", "message": "RequestID=750d8a35-e56a-4afa-84d0-435bc3a9e79f | Method=GET | Path=/metrics | Latency=7.90 ms | Status=200"}
{"asctime": "2026-02-22 00:59:46,635", "levelname": "INFO", "name": "inference", "message": "RequestID=04c52397-a3b2-494e-a810-5cc7ecf93cd4 | Method=GET | Path=/metrics | Latency=5.64 ms | Status=200"}
{"asctime": "2026-02-22 00:59:51,806", "levelname": "INFO", "name": "inference", "message": "RequestID=4b3fd2f7-e188-49bd-932c-095bf557a152 | Method=GET | Path=/metrics | Latency=4.82 ms | Status=200"}
{"asctime": "2026-02-22 00:59:56,898", "levelname": "INFO", "name": "inference", "message": "RequestID=bee261ad-1214-4af6-9bfc-9a274f72e436 | Method=GET | Path=/metrics | Latency=6.19 ms | Status=200"}
{"asctime": "2026-02-22 01:00:02,093", "levelname": "INFO", "name": "inference", "message": "RequestID=781b688c-b8b8-40df-a080-731c4130a5b4 | Method=GET | Path=/metrics | Latency=6.40 ms | Status=200"}
{"asctime": "2026-02-22 01:00:07,309", "levelname": "INFO", "name": "inference", "message": "RequestID=627502ed-a3c6-41c2-8aa2-2624fc00230b | Method=GET | Path=/metrics | Latency=5.48 ms | Status=200"}
{"asctime": "2026-02-22 01:00:12,457", "levelname": "INFO", "name": "inference", "message": "RequestID=02f7a99a-30e9-4f0b-bf68-435cc0d098b6 | Method=GET | Path=/metrics | Latency=4.69 ms | Status=200"}
{"asctime": "2026-02-22 01:00:17,610", "levelname": "INFO", "name": "inference", "message": "RequestID=9f691c59-06aa-407f-9d34-119832484a81 | Method=GET | Path=/metrics | Latency=5.75 ms | Status=200"}
{"asctime": "2026-02-22 01:00:22,757", "levelname": "INFO", "name": "inference", "message": "RequestID=bb2447bb-b7e9-4dfe-b758-da4f0810f113 | Method=GET | Path=/metrics | Latency=5.68 ms | Status=200"}
{"asctime": "2026-02-22 01:00:27,910", "levelname": "INFO", "name": "inference", "message": "RequestID=ea17403b-1a1b-4f1f-b7cd-9b3c9a5ab671 | Method=GET | Path=/metrics | Latency=5.80 ms | Status=200"}
{"asctime": "2026-02-22 01:00:33,059", "levelname": "INFO", "name": "inference", "message": "RequestID=ff76b056-fff2-4d87-9a39-e6e54f3f8176 | Method=GET | Path=/metrics | Latency=5.15 ms | Status=200"}
{"asctime": "2026-02-22 01:00:38,215", "levelname": "INFO", "name": "inference", "message": "RequestID=69194634-22ea-485b-9f4b-0febd592d684 | Method=GET | Path=/metrics | Latency=4.43 ms | Status=200"}
{"asctime": "2026-02-22 01:00:43,366", "levelname": "INFO", "name": "inference", "message": "RequestID=8b24a3c3-06ae-4a5b-b2b7-eb4525362f40 | Method=GET | Path=/metrics | Latency=4.90 ms | Status=200"}
{"asctime": "2026-02-22 01:00:48,524", "levelname": "INFO", "name": "inference", "message": "RequestID=50bb4ccf-d6b0-4684-8054-48ca238654e3 | Method=GET | Path=/metrics | Latency=5.30 ms | Status=200"}
{"asctime": "2026-02-22 01:00:53,678", "levelname": "INFO", "name": "inference", "message": "RequestID=ad1de4bc-f983-4e80-ac93-48876f8d74c6 | Method=GET | Path=/metrics | Latency=6.04 ms | Status=200"}
{"asctime": "2026-02-22 01:00:58,831", "levelname": "INFO", "name": "inference", "message": "RequestID=705e9ab6-877d-4201-b56e-b70b1e38a5a7 | Method=GET | Path=/metrics | Latency=5.63 ms | Status=200"}
{"asctime": "2026-02-22 01:01:03,984", "levelname": "INFO", "name": "inference", "message": "RequestID=fb59554e-134c-4355-bad4-cc956036233a | Method=GET | Path=/metrics | Latency=4.23 ms | Status=200"}
{"asctime": "2026-02-22 01:01:09,146", "levelname": "INFO", "name": "inference", "message": "RequestID=adc8c7be-8125-4388-8fe6-2abaa7e9da7d | Method=GET | Path=/metrics | Latency=4.82 ms | Status=200"}
{"asctime": "2026-02-22 01:01:14,295", "levelname": "INFO", "name": "inference", "message": "RequestID=7c309cea-d270-4e93-82a5-b24be55bd027 | Method=GET | Path=/metrics | Latency=6.02 ms | Status=200"}
{"asctime": "2026-02-22 01:01:19,450", "levelname": "INFO", "name": "inference", "message": "RequestID=cc3c7008-217f-4afd-a84e-01cce5d71e93 | Method=GET | Path=/metrics | Latency=4.89 ms | Status=200"}
{"asctime": "2026-02-22 01:01:20,245", "levelname": "INFO", "name": "inference", "message": "inference_event", "region": "jakarta_pusat", "model_version": "v1.0.0", "request_id": "TEST-12345", "input": {"luas_kamar": 18.0, "jarak_ke_bca": 2.26664, "tipe_kos": "campur", "is_km_dalam": 1, "is_water_heater": 1, "is_furnished": 0, "is_listrik_free": 0, "is_parkir_mobil": 1, "is_mesin_cuci": 0}, "output": 4320914.163846356, "latency_sec": 0.1512923240661621}
{"asctime": "2026-02-22 01:01:20,248", "levelname": "INFO", "name": "inference", "message": "RequestID=TEST-12345 | Method=POST | Path=/predict/jakarta_pusat | Latency=155.27 ms | Status=200"}
{"asctime": "2026-02-22 01:01:24,602", "levelname": "INFO", "name": "inference", "message": "RequestID=dfe60d9e-8a8e-4307-b622-c127a7b5508e | Method=GET | Path=/metrics | Latency=4.46 ms | Status=200"}
{"asctime": "2026-02-22 01:01:29,763", "levelname": "INFO", "name": "inference", "message": "RequestID=d2241f50-d9f8-46d8-827c-40f2b7bedba5 | Method=GET | Path=/metrics | Latency=5.18 ms | Status=200"}
{"asctime": "2026-02-22 01:01:34,920", "levelname": "INFO", "name": "inference", "message": "RequestID=2b100961-304a-49af-939e-849584d551e8 | Method=GET | Path=/metrics | Latency=5.37 ms | Status=200"}
{"asctime": "2026-02-22 01:01:40,095", "levelname": "INFO", "name": "inference", "message": "RequestID=9e488d98-9a68-43a8-b99b-8aa317bc0628 | Method=GET | Path=/metrics | Latency=5.10 ms | Status=200"}
{"asctime": "2026-02-22 01:01:45,314", "levelname": "INFO", "name": "inference", "message": "RequestID=ee339686-7114-47e0-b157-b88cc00e27f4 | Method=GET | Path=/metrics | Latency=5.03 ms | Status=200"}
{"asctime": "2026-02-22 01:01:50,487", "levelname": "INFO", "name": "inference", "message": "RequestID=acb748fc-76b7-49cc-9b37-2e26a8f18199 | Method=GET | Path=/metrics | Latency=5.15 ms | Status=200"}
{"asctime": "2026-02-22 01:01:55,637", "levelname": "INFO", "name": "inference", "message": "RequestID=d380a6e0-0ed3-4bbd-9e69-b3b3ca2efb22 | Method=GET | Path=/metrics | Latency=4.78 ms | Status=200"}
{"asctime": "2026-02-22 01:02:00,769", "levelname": "INFO", "name": "inference", "message": "RequestID=ce8310da-3918-466f-bb6e-426fb417b73b | Method=GET | Path=/metrics | Latency=6.80 ms | Status=200"}
{"asctime": "2026-02-22 01:02:05,949", "levelname": "INFO", "name": "inference", "message": "RequestID=7fed7c89-7f41-4a5e-ad81-80533361c0fa | Method=GET | Path=/metrics | Latency=4.12 ms | Status=200"}
{"asctime": "2026-02-22 01:02:11,181", "levelname": "INFO", "name": "inference", "message": "RequestID=7482aece-0195-49e1-98c0-2ac1cf292cf0 | Method=GET | Path=/metrics | Latency=4.26 ms | Status=200"}
{"asctime": "2026-02-22 01:02:16,377", "levelname": "INFO", "name": "inference", "message": "RequestID=274bc38f-d95d-4529-8047-5c1cb019094e | Method=GET | Path=/metrics | Latency=4.88 ms | Status=200"}
{"asctime": "2026-02-22 01:02:21,561", "levelname": "INFO", "name": "inference", "message": "RequestID=8e908d68-3e2b-4f6a-9b5e-aa5795860a0d | Method=GET | Path=/metrics | Latency=6.32 ms | Status=200"}
{"asctime": "2026-02-22 01:02:26,709", "levelname": "INFO", "name": "inference", "message": "RequestID=18660b43-3ac0-4576-9752-19718623c4c8 | Method=GET | Path=/metrics | Latency=4.31 ms | Status=200"}
{"asctime": "2026-02-22 01:02:31,864", "levelname": "INFO", "name": "inference", "message": "RequestID=ff28c35b-cfb5-4d7a-9487-f7e319a8a0a9 | Method=GET | Path=/metrics | Latency=6.20 ms | Status=200"}
{"asctime": "2026-02-22 01:02:37,017", "levelname": "INFO", "name": "inference", "message": "RequestID=80e0ff0b-da52-4ed7-a25a-20e001ed2e71 | Method=GET | Path=/metrics | Latency=5.76 ms | Status=200"}
{"asctime": "2026-02-22 01:02:42,173", "levelname": "INFO", "name": "inference", "message": "RequestID=42f998ef-bba3-4721-a8ed-4ce16b19eb73 | Method=GET | Path=/metrics | Latency=7.45 ms | Status=200"}
{"asctime": "2026-02-22 01:02:47,331", "levelname": "INFO", "name": "inference", "message": "RequestID=a35e9521-0d49-410c-9957-608954843d5d | Method=GET | Path=/metrics | Latency=6.57 ms | Status=200"}
{"asctime": "2026-02-22 01:02:52,483", "levelname": "INFO", "name": "inference", "message": "RequestID=4b0cac73-bf3f-4600-9ffa-8aedb7f85873 | Method=GET | Path=/metrics | Latency=3.78 ms | Status=200"}
{"asctime": "2026-02-22 01:02:57,643", "levelname": "INFO", "name": "inference", "message": "RequestID=8878e623-b6a8-46d0-93be-21d860a4d82c | Method=GET | Path=/metrics | Latency=3.55 ms | Status=200"}
{"asctime": "2026-02-22 01:03:02,802", "levelname": "INFO", "name": "inference", "message": "RequestID=cce03940-d80f-49ae-b2c9-e6804dd090b5 | Method=GET | Path=/metrics | Latency=4.47 ms | Status=200"}
{"asctime": "2026-02-22 01:03:07,960", "levelname": "INFO", "name": "inference", "message": "RequestID=2ff32bcb-b4da-4ebd-918c-c914e16c246e | Method=GET | Path=/metrics | Latency=4.16 ms | Status=200"}
{"asctime": "2026-02-22 01:03:13,128", "levelname": "INFO", "name": "inference", "message": "RequestID=6281f089-c79c-4cd8-b282-2d2c1dd8410b | Method=GET | Path=/metrics | Latency=4.82 ms | Status=200"}
{"asctime": "2026-02-22 01:03:18,285", "levelname": "INFO", "name": "inference", "message": "RequestID=05274caf-a02a-4112-80d3-3208315d0842 | Method=GET | Path=/metrics | Latency=3.54 ms | Status=200"}
{"asctime": "2026-02-22 01:03:23,460", "levelname": "INFO", "name": "inference", "message": "RequestID=896a4541-9d80-40f2-ba99-edb81c72b6a0 | Method=GET | Path=/metrics | Latency=5.55 ms | Status=200"}
{"asctime": "2026-02-22 01:03:28,613", "levelname": "INFO", "name": "inference", "message": "RequestID=1ea45759-1d25-46b0-935a-98cccecd0e2a | Method=GET | Path=/metrics | Latency=4.03 ms | Status=200"}
{"asctime": "2026-02-22 01:03:33,768", "levelname": "INFO", "name": "inference", "message": "RequestID=18406048-9093-4450-b0b0-1dc9be8be818 | Method=GET | Path=/metrics | Latency=3.19 ms | Status=200"}
{"asctime": "2026-02-22 01:03:38,943", "levelname": "INFO", "name": "inference", "message": "RequestID=a1dc8b86-85e3-47e9-8324-8cf4b4a397b8 | Method=GET | Path=/metrics | Latency=4.32 ms | Status=200"}
{"asctime": "2026-02-22 01:03:44,123", "levelname": "INFO", "name": "inference", "message": "RequestID=530eef87-5d91-4934-b2bc-797e9b25bddd | Method=GET | Path=/metrics | Latency=4.43 ms | Status=200"}
{"asctime": "2026-02-22 01:03:49,310", "levelname": "INFO", "name": "inference", "message": "RequestID=146e1db3-d4c0-48bd-a769-adf2424ed09c | Method=GET | Path=/metrics | Latency=3.10 ms | Status=200"}
{"asctime": "2026-02-22 01:03:54,479", "levelname": "INFO", "name": "inference", "message": "RequestID=23187d34-b5b9-4168-9d30-a82fcecfc21b | Method=GET | Path=/metrics | Latency=3.69 ms | Status=200"}
{"asctime": "2026-02-22 01:03:59,638", "levelname": "INFO", "name": "inference", "message": "RequestID=7cb4e382-bf4f-4c60-85c3-2fd940294bfa | Method=GET | Path=/metrics | Latency=3.29 ms | Status=200"}
{"asctime": "2026-02-22 01:04:04,794", "levelname": "INFO", "name": "inference", "message": "RequestID=b5a8f0b7-1119-4ac4-8a10-70eafb5b0987 | Method=GET | Path=/metrics | Latency=5.31 ms | Status=200"}
{"asctime": "2026-02-22 01:04:09,978", "levelname": "INFO", "name": "inference", "message": "RequestID=44d8087f-7f0d-48c2-a248-b4225e48b769 | Method=GET | Path=/metrics | Latency=6.05 ms | Status=200"}
{"asctime": "2026-02-22 01:04:15,175", "levelname": "INFO", "name": "inference", "message": "RequestID=2794f24c-a277-45d0-b605-c226976e1f62 | Method=GET | Path=/metrics | Latency=4.23 ms | Status=200"}
{"asctime": "2026-02-22 01:04:20,345", "levelname": "INFO", "name": "inference", "message": "RequestID=d3b1d5ed-e58f-4acd-b249-193a4e4ceb7c | Method=GET | Path=/metrics | Latency=5.36 ms | Status=200"}
{"asctime": "2026-02-22 01:04:25,509", "levelname": "INFO", "name": "inference", "message": "RequestID=ac414072-28cc-4448-a5f2-b7dad9835edd | Method=GET | Path=/metrics | Latency=4.72 ms | Status=200"}
{"asctime": "2026-02-22 01:04:30,670", "levelname": "INFO", "name": "inference", "message": "RequestID=25eaa379-1be4-4e63-870a-260d0d9c96b1 | Method=GET | Path=/metrics | Latency=6.80 ms | Status=200"}
{"asctime": "2026-02-22 01:04:35,824", "levelname": "INFO", "name": "inference", "message": "RequestID=9405bc08-2508-4b7e-a645-0b95fb108163 | Method=GET | Path=/metrics | Latency=5.53 ms | Status=200"}
{"asctime": "2026-02-22 01:04:40,989", "levelname": "INFO", "name": "inference", "message": "RequestID=2f0df914-c0af-4e81-acb5-5c795b31a401 | Method=GET | Path=/metrics | Latency=4.94 ms | Status=200"}
{"asctime": "2026-02-22 01:04:46,159", "levelname": "INFO", "name": "inference", "message": "RequestID=3b34ab03-1ba9-4bf8-904d-c39d816fcac3 | Method=GET | Path=/metrics | Latency=4.32 ms | Status=200"}
{"asctime": "2026-02-22 01:04:51,332", "levelname": "INFO", "name": "inference", "message": "RequestID=122c6239-7861-4850-9783-2a306fa65f03 | Method=GET | Path=/metrics | Latency=4.88 ms | Status=200"}
{"asctime": "2026-02-22 01:04:56,496", "levelname": "INFO", "name": "inference", "message": "RequestID=3dd90f39-b1f3-4480-89dc-507bcf349e78 | Method=GET | Path=/metrics | Latency=4.38 ms | Status=200"}
{"asctime": "2026-02-22 01:05:01,656", "levelname": "INFO", "name": "inference", "message": "RequestID=4e695766-c6a1-4e79-96c3-398cd95dd041 | Method=GET | Path=/metrics | Latency=3.27 ms | Status=200"}
{"asctime": "2026-02-22 01:05:06,819", "levelname": "INFO", "name": "inference", "message": "RequestID=2747c3db-366f-4a49-bb7b-2843d78602fe | Method=GET | Path=/metrics | Latency=4.02 ms | Status=200"}
{"asctime": "2026-02-22 01:05:11,983", "levelname": "INFO", "name": "inference", "message": "RequestID=6c2ddc78-72c6-4383-8682-8d0862242e8e | Method=GET | Path=/metrics | Latency=3.61 ms | Status=200"}
{"asctime": "2026-02-22 01:05:17,151", "levelname": "INFO", "name": "inference", "message": "RequestID=2e5384d5-253d-4053-8234-0ffcc3e7f24e | Method=GET | Path=/metrics | Latency=4.36 ms | Status=200"}
{"asctime": "2026-02-22 01:05:22,323", "levelname": "INFO", "name": "inference", "message": "RequestID=8a09bd73-8a26-4777-a76a-a1b1fa50c616 | Method=GET | Path=/metrics | Latency=3.59 ms | Status=200"}
{"asctime": "2026-02-22 01:05:27,486", "levelname": "INFO", "name": "inference", "message": "RequestID=a74a1d5d-6e00-4363-b308-a7214fddfbed | Method=GET | Path=/metrics | Latency=7.78 ms | Status=200"}
{"asctime": "2026-02-22 01:05:32,649", "levelname": "INFO", "name": "inference", "message": "RequestID=c8677ab7-8c4d-45b3-a113-7c036d9006fd | Method=GET | Path=/metrics | Latency=5.20 ms | Status=200"}
{"asctime": "2026-02-22 01:05:37,810", "levelname": "INFO", "name": "inference", "message": "RequestID=ac082469-9b20-4aa7-b21d-af802455144a | Method=GET | Path=/metrics | Latency=4.23 ms | Status=200"}
{"asctime": "2026-02-22 01:05:42,980", "levelname": "INFO", "name": "inference", "message": "RequestID=7fa6ab18-cdbe-49af-b997-abdda2cacd62 | Method=GET | Path=/metrics | Latency=5.32 ms | Status=200"}
{"asctime": "2026-02-22 01:05:48,173", "levelname": "INFO", "name": "inference", "message": "RequestID=153a5ce4-76b1-41bf-897b-c9392c728881 | Method=GET | Path=/metrics | Latency=14.72 ms | Status=200"}
{"asctime": "2026-02-22 01:05:53,326", "levelname": "INFO", "name": "inference", "message": "RequestID=ecd2af63-a822-4eb2-b9aa-7bbf5576646d | Method=GET | Path=/metrics | Latency=4.95 ms | Status=200"}
{"asctime": "2026-02-22 01:05:58,496", "levelname": "INFO", "name": "inference", "message": "RequestID=6dee94f8-b276-4859-8086-9b93ea5e109a | Method=GET | Path=/metrics | Latency=7.61 ms | Status=200"}
{"asctime": "2026-02-22 01:06:03,649", "levelname": "INFO", "name": "inference", "message": "RequestID=460fc3bd-06c7-46cf-b7cb-3f0e30a2b2ba | Method=GET | Path=/metrics | Latency=5.57 ms | Status=200"}
{"asctime": "2026-02-22 01:06:08,805", "levelname": "INFO", "name": "inference", "message": "RequestID=72e9a55c-a001-458b-bf22-ebc045db8f6c | Method=GET | Path=/metrics | Latency=7.09 ms | Status=200"}
{"asctime": "2026-02-22 01:06:13,970", "levelname": "INFO", "name": "inference", "message": "RequestID=bbbc2cec-8e3a-415b-aa3a-a67d294c6bf5 | Method=GET | Path=/metrics | Latency=4.85 ms | Status=200"}
{"asctime": "2026-02-22 01:06:19,165", "levelname": "INFO", "name": "inference", "message": "RequestID=5aa342f2-8572-4930-8af1-232ebed02677 | Method=GET | Path=/metrics | Latency=5.93 ms | Status=200"}
{"asctime": "2026-02-22 01:06:24,347", "levelname": "INFO", "name": "inference", "message": "RequestID=787e609c-1a92-4f5d-968f-4e1b8abd50e7 | Method=GET | Path=/metrics | Latency=4.28 ms | Status=200"}
{"asctime": "2026-02-22 01:06:29,525", "levelname": "INFO", "name": "inference", "message": "RequestID=b4cc0b45-2416-43bc-8da3-62af4160c1c2 | Method=GET | Path=/metrics | Latency=4.84 ms | Status=200"}
{"asctime": "2026-02-22 01:06:34,679", "levelname": "INFO", "name": "inference", "message": "RequestID=070d1534-4189-483e-ada4-ea778a9e6992 | Method=GET | Path=/metrics | Latency=4.85 ms | Status=200"}
{"asctime": "2026-02-22 01:06:39,834", "levelname": "INFO", "name": "inference", "message": "RequestID=0088e6d1-9fc2-4046-a0c9-f5463dfedc60 | Method=GET | Path=/metrics | Latency=5.12 ms | Status=200"}
{"asctime": "2026-02-22 01:06:45,000", "levelname": "INFO", "name": "inference", "message": "RequestID=6d6bd488-e7d7-417a-b975-3ff1805b0195 | Method=GET | Path=/metrics | Latency=5.92 ms | Status=200"}
{"asctime": "2026-02-22 01:06:50,157", "levelname": "INFO", "name": "inference", "message": "RequestID=1a0a320a-6ef7-4b2c-8424-1ef05da55df5 | Method=GET | Path=/metrics | Latency=4.60 ms | Status=200"}
{"asctime": "2026-02-22 01:06:55,322", "levelname": "INFO", "name": "inference", "message": "RequestID=eff2f64e-c5d5-40f5-8984-86eea1a5d344 | Method=GET | Path=/metrics | Latency=3.96 ms | Status=200"}
{"asctime": "2026-02-22 01:07:00,492", "levelname": "INFO", "name": "inference", "message": "RequestID=26c886c1-4b38-4da7-80a5-fb7ded747a73 | Method=GET | Path=/metrics | Latency=4.83 ms | Status=200"}
{"asctime": "2026-02-22 01:07:05,662", "levelname": "INFO", "name": "inference", "message": "RequestID=699d7934-0cce-4d75-8713-cef720285556 | Method=GET | Path=/metrics | Latency=8.48 ms | Status=200"}
{"asctime": "2026-02-22 01:07:10,821", "levelname": "INFO", "name": "inference", "message": "RequestID=bc275b07-bf55-4bd9-91cc-03f4e1eb966f | Method=GET | Path=/metrics | Latency=5.09 ms | Status=200"}
{"asctime": "2026-02-22 01:07:15,980", "levelname": "INFO", "name": "inference", "message": "RequestID=db6ad6a2-fd07-42f1-97e3-0cc83cc06459 | Method=GET | Path=/metrics | Latency=4.22 ms | Status=200"}
{"asctime": "2026-02-22 01:07:21,149", "levelname": "INFO", "name": "inference", "message": "RequestID=f0c4e592-d18a-4734-af6d-de5b118a1ebd | Method=GET | Path=/metrics | Latency=4.27 ms | Status=200"}
{"asctime": "2026-02-22 01:07:26,318", "levelname": "INFO", "name": "inference", "message": "RequestID=a95d46ab-1e0f-4701-be76-699bedd433c8 | Method=GET | Path=/metrics | Latency=5.37 ms | Status=200"}
{"asctime": "2026-02-22 01:07:31,486", "levelname": "INFO", "name": "inference", "message": "RequestID=0da2b67b-0be4-4050-9caa-8118133da135 | Method=GET | Path=/metrics | Latency=6.40 ms | Status=200"}
{"asctime": "2026-02-22 01:07:36,647", "levelname": "INFO", "name": "inference", "message": "RequestID=f338e4f7-a28e-4154-a6e5-77a2d66246aa | Method=GET | Path=/metrics | Latency=4.07 ms | Status=200"}
{"asctime": "2026-02-22 01:07:41,810", "levelname": "INFO", "name": "inference", "message": "RequestID=e9cb8942-567c-4887-adb0-d66b22dfc1b8 | Method=GET | Path=/metrics | Latency=5.78 ms | Status=200"}
{"asctime": "2026-02-22 01:07:46,978", "levelname": "INFO", "name": "inference", "message": "RequestID=ddee9295-adf3-4594-8c73-55cfc04243bb | Method=GET | Path=/metrics | Latency=4.94 ms | Status=200"}
{"asctime": "2026-02-22 01:07:52,158", "levelname": "INFO", "name": "inference", "message": "RequestID=b38e9445-405c-4b15-ac0b-fa91c263c024 | Method=GET | Path=/metrics | Latency=4.14 ms | Status=200"}
{"asctime": "2026-02-22 01:07:57,346", "levelname": "INFO", "name": "inference", "message": "RequestID=f0b9b55d-b311-4dcf-8520-0777913b1c3b | Method=GET | Path=/metrics | Latency=7.41 ms | Status=200"}
{"asctime": "2026-02-22 01:08:02,521", "levelname": "INFO", "name": "inference", "message": "RequestID=bfb00477-4d95-4b54-b72a-bf2d50799ed1 | Method=GET | Path=/metrics | Latency=5.61 ms | Status=200"}
{"asctime": "2026-02-22 01:08:07,688", "levelname": "INFO", "name": "inference", "message": "RequestID=8dd6f73d-ed9c-4f46-9b82-43499ee382fa | Method=GET | Path=/metrics | Latency=4.94 ms | Status=200"}
{"asctime": "2026-02-22 01:08:12,850", "levelname": "INFO", "name": "inference", "message": "RequestID=9220d473-e404-468d-ae27-759f857f0dae | Method=GET | Path=/metrics | Latency=5.85 ms | Status=200"}
{"asctime": "2026-02-22 01:08:18,018", "levelname": "INFO", "name": "inference", "message": "RequestID=e9dd413e-5288-4bf6-9632-22bfa1414f3c | Method=GET | Path=/metrics | Latency=5.05 ms | Status=200"}
{"asctime": "2026-02-22 01:08:23,203", "levelname": "INFO", "name": "inference", "message": "RequestID=24740009-262a-475c-851e-f8a5741d0a97 | Method=GET | Path=/metrics | Latency=6.02 ms | Status=200"}
{"asctime": "2026-02-22 01:08:28,386", "levelname": "INFO", "name": "inference", "message": "RequestID=9069cc89-13a3-48cc-b3c3-c0445b389c39 | Method=GET | Path=/metrics | Latency=5.14 ms | Status=200"}
{"asctime": "2026-02-22 01:08:33,566", "levelname": "INFO", "name": "inference", "message": "RequestID=f560b6f4-eb90-4b5e-b8b8-599a59ff699b | Method=GET | Path=/metrics | Latency=5.42 ms | Status=200"}
{"asctime": "2026-02-22 01:08:38,726", "levelname": "INFO", "name": "inference", "message": "RequestID=9cb6ad8b-516a-4017-af7d-34133d31455e | Method=GET | Path=/metrics | Latency=4.90 ms | Status=200"}
{"asctime": "2026-02-22 01:08:43,892", "levelname": "INFO", "name": "inference", "message": "RequestID=84fb08f4-a96e-4254-b4e8-265d114332a3 | Method=GET | Path=/metrics | Latency=5.34 ms | Status=200"}
{"asctime": "2026-02-22 01:08:49,050", "levelname": "INFO", "name": "inference", "message": "RequestID=6c88ffcd-b6b5-4fc3-a290-788f9cfe2aed | Method=GET | Path=/metrics | Latency=4.69 ms | Status=200"}
{"asctime": "2026-02-22 01:08:54,225", "levelname": "INFO", "name": "inference", "message": "RequestID=81785a3a-c0c7-4876-9db2-bf2d9cc64764 | Method=GET | Path=/metrics | Latency=5.88 ms | Status=200"}
{"asctime": "2026-02-22 01:08:59,385", "levelname": "INFO", "name": "inference", "message": "RequestID=f520a0b1-4b8e-4eff-8dc7-7e00a3a0919d | Method=GET | Path=/metrics | Latency=4.78 ms | Status=200"}
{"asctime": "2026-02-22 01:09:04,552", "levelname": "INFO", "name": "inference", "message": "RequestID=2208c49b-d013-47b5-9b6c-0ff76858f25e | Method=GET | Path=/metrics | Latency=5.08 ms | Status=200"}
{"asctime": "2026-02-22 01:09:09,723", "levelname": "INFO", "name": "inference", "message": "RequestID=b8f9ac1d-c5d7-4004-aa82-acd9e17173a9 | Method=GET | Path=/metrics | Latency=7.07 ms | Status=200"}
{"asctime": "2026-02-22 01:09:14,891", "levelname": "INFO", "name": "inference", "message": "RequestID=8e5ff1e0-026f-4159-94af-2538b53100bb | Method=GET | Path=/metrics | Latency=6.92 ms | Status=200"}
{"asctime": "2026-02-22 01:09:20,052", "levelname": "INFO", "name": "inference", "message": "RequestID=660d39e0-6f7d-4ee1-a80e-97dba3c34041 | Method=GET | Path=/metrics | Latency=4.87 ms | Status=200"}
{"asctime": "2026-02-22 01:09:25,225", "levelname": "INFO", "name": "inference", "message": "RequestID=e23909c0-75f1-4552-ab59-b1e20ac77574 | Method=GET | Path=/metrics | Latency=6.37 ms | Status=200"}
{"asctime": "2026-02-22 01:09:30,389", "levelname": "INFO", "name": "inference", "message": "RequestID=88869a21-0475-41d7-9cc9-2022f7e775aa | Method=GET | Path=/metrics | Latency=5.95 ms | Status=200"}
{"asctime": "2026-02-22 01:09:35,551", "levelname": "INFO", "name": "inference", "message": "RequestID=82fd8261-7dd2-4df4-b90d-90b0f29d1f14 | Method=GET | Path=/metrics | Latency=5.96 ms | Status=200"}
{"asctime": "2026-02-22 01:09:40,715", "levelname": "INFO", "name": "inference", "message": "RequestID=7c981924-ce4d-4f06-820d-a7dd0f2d8702 | Method=GET | Path=/metrics | Latency=4.77 ms | Status=200"}
{"asctime": "2026-02-22 01:09:45,881", "levelname": "INFO", "name": "inference", "message": "RequestID=8d68a2dc-5ea9-4848-ad11-02b8ac1540f3 | Method=GET | Path=/metrics | Latency=4.10 ms | Status=200"}
{"asctime": "2026-02-22 01:09:51,052", "levelname": "INFO", "name": "inference", "message": "RequestID=4b12561d-c4f0-4b20-82d9-234f979b6a4e | Method=GET | Path=/metrics | Latency=5.73 ms | Status=200"}
{"asctime": "2026-02-22 01:09:56,220", "levelname": "INFO", "name": "inference", "message": "RequestID=460959e3-c943-4d60-8ace-4017b0fdbc3a | Method=GET | Path=/metrics | Latency=5.49 ms | Status=200"}
{"asctime": "2026-02-22 01:10:01,389", "levelname": "INFO", "name": "inference", "message": "RequestID=fc24b34d-af0d-4704-a9b5-2d5d14a7cd51 | Method=GET | Path=/metrics | Latency=6.72 ms | Status=200"}
{"asctime": "2026-02-22 01:10:06,560", "levelname": "INFO", "name": "inference", "message": "RequestID=28b2a4b3-a747-4c59-bd97-6fd018d03c33 | Method=GET | Path=/metrics | Latency=5.33 ms | Status=200"}
{"asctime": "2026-02-22 01:10:11,724", "levelname": "INFO", "name": "inference", "message": "RequestID=b85ea56f-ce68-4e65-b7f3-b442a607c793 | Method=GET | Path=/metrics | Latency=4.73 ms | Status=200"}
{"asctime": "2026-02-22 01:10:16,893", "levelname": "INFO", "name": "inference", "message": "RequestID=bbe19fd0-c68e-4d2a-bae9-7b29bb41792b | Method=GET | Path=/metrics | Latency=6.08 ms | Status=200"}
{"asctime": "2026-02-22 01:10:22,065", "levelname": "INFO", "name": "inference", "message": "RequestID=67900d57-7ed2-4e68-90d1-37effa7a9dcf | Method=GET | Path=/metrics | Latency=5.95 ms | Status=200"}
{"asctime": "2026-02-22 01:10:27,236", "levelname": "INFO", "name": "inference", "message": "RequestID=6acb816a-5dbb-4cc3-9e00-1e04e2c00bcb | Method=GET | Path=/metrics | Latency=4.97 ms | Status=200"}
{"asctime": "2026-02-22 01:10:32,413", "levelname": "INFO", "name": "inference", "message": "RequestID=f4f09bbd-8292-452b-8e97-85712cf0a9f6 | Method=GET | Path=/metrics | Latency=4.84 ms | Status=200"}
{"asctime": "2026-02-22 01:10:37,591", "levelname": "INFO", "name": "inference", "message": "RequestID=eff8a7bb-bc1b-48c5-bfa0-5f209bd3956b | Method=GET | Path=/metrics | Latency=8.22 ms | Status=200"}
{"asctime": "2026-02-22 01:10:42,752", "levelname": "INFO", "name": "inference", "message": "RequestID=539ca270-7e45-464e-9e0f-7e09a18c9aef | Method=GET | Path=/metrics | Latency=5.23 ms | Status=200"}
{"asctime": "2026-02-22 01:10:47,917", "levelname": "INFO", "name": "inference", "message": "RequestID=20e9d3c7-67fe-45eb-a677-8529657c70da | Method=GET | Path=/metrics | Latency=6.07 ms | Status=200"}
{"asctime": "2026-02-22 01:10:53,081", "levelname": "INFO", "name": "inference", "message": "RequestID=11bb6c10-3e68-4073-babb-cd0c8db502ec | Method=GET | Path=/metrics | Latency=4.97 ms | Status=200"}
{"asctime": "2026-02-22 01:10:58,254", "levelname": "INFO", "name": "inference", "message": "RequestID=83b1c175-f1d2-4c71-968e-fb797d4a2f23 | Method=GET | Path=/metrics | Latency=4.95 ms | Status=200"}
{"asctime": "2026-02-22 01:11:03,429", "levelname": "INFO", "name": "inference", "message": "RequestID=98886973-7900-4be9-9fd6-17c6b9d421da | Method=GET | Path=/metrics | Latency=5.82 ms | Status=200"}
{"asctime": "2026-02-22 01:11:08,601", "levelname": "INFO", "name": "inference", "message": "RequestID=068193ca-8bac-4886-ba31-1886ba77ad46 | Method=GET | Path=/metrics | Latency=5.17 ms | Status=200"}
{"asctime": "2026-02-22 01:11:13,767", "levelname": "INFO", "name": "inference", "message": "RequestID=9b1ef207-d8b5-4833-8106-e152cb00a259 | Method=GET | Path=/metrics | Latency=5.44 ms | Status=200"}
{"asctime": "2026-02-22 01:11:18,933", "levelname": "INFO", "name": "inference", "message": "RequestID=0a63239f-da37-4e7b-92a3-0932e5dc0103 | Method=GET | Path=/metrics | Latency=5.73 ms | Status=200"}
{"asctime": "2026-02-22 01:11:24,101", "levelname": "INFO", "name": "inference", "message": "RequestID=74af3212-86c2-4f02-8514-d8d2bf34d348 | Method=GET | Path=/metrics | Latency=5.77 ms | Status=200"}
{"asctime": "2026-02-22 01:11:29,276", "levelname": "INFO", "name": "inference", "message": "RequestID=df5b9d84-fd98-4b63-9498-c02179bc5c0e | Method=GET | Path=/metrics | Latency=4.89 ms | Status=200"}
{"asctime": "2026-02-22 01:11:34,438", "levelname": "INFO", "name": "inference", "message": "RequestID=9238603a-7d4e-4f56-ab3a-f5d2ad01f4ee | Method=GET | Path=/metrics | Latency=4.45 ms | Status=200"}
{"asctime": "2026-02-22 01:11:39,610", "levelname": "INFO", "name": "inference", "message": "RequestID=e8262dba-ce4e-4825-881f-993e563fb451 | Method=GET | Path=/metrics | Latency=4.91 ms | Status=200"}
{"asctime": "2026-02-22 01:11:44,776", "levelname": "INFO", "name": "inference", "message": "RequestID=5d42ca82-70e5-4c98-bf03-af12360abfc0 | Method=GET | Path=/metrics | Latency=5.46 ms | Status=200"}
{"asctime": "2026-02-22 01:11:49,942", "levelname": "INFO", "name": "inference", "message": "RequestID=caa4a4ac-6fad-405b-a8b3-6d960c2773d0 | Method=GET | Path=/metrics | Latency=4.32 ms | Status=200"}
{"asctime": "2026-02-22 01:11:55,118", "levelname": "INFO", "name": "inference", "message": "RequestID=61d8a76a-aa60-45dc-ad73-880a02605538 | Method=GET | Path=/metrics | Latency=5.23 ms | Status=200"}
{"asctime": "2026-02-22 01:12:00,284", "levelname": "INFO", "name": "inference", "message": "RequestID=3753b5b6-a1b2-44e3-a7c3-53cf1deb51ae | Method=GET | Path=/metrics | Latency=4.00 ms | Status=200"}
{"asctime": "2026-02-22 01:12:05,451", "levelname": "INFO", "name": "inference", "message": "RequestID=52e79142-9350-4444-add0-1ce7dd39a8aa | Method=GET | Path=/metrics | Latency=4.31 ms | Status=200"}
{"asctime": "2026-02-22 01:12:10,619", "levelname": "INFO", "name": "inference", "message": "RequestID=12ed1fb8-062d-4c28-9a2b-df28c9f85168 | Method=GET | Path=/metrics | Latency=4.82 ms | Status=200"}
{"asctime": "2026-02-22 01:12:15,787", "levelname": "INFO", "name": "inference", "message": "RequestID=71a93dd5-eb4b-462e-87db-bb400c3f8814 | Method=GET | Path=/metrics | Latency=4.81 ms | Status=200"}
{"asctime": "2026-02-22 01:12:20,954", "levelname": "INFO", "name": "inference", "message": "RequestID=11a938a4-a55b-4637-8893-bd24d7ea4330 | Method=GET | Path=/metrics | Latency=5.03 ms | Status=200"}
{"asctime": "2026-02-22 01:12:26,128", "levelname": "INFO", "name": "inference", "message": "RequestID=98cae64d-65ba-4c02-a44b-a1a599fb52a4 | Method=GET | Path=/metrics | Latency=4.98 ms | Status=200"}
{"asctime": "2026-02-22 01:12:31,291", "levelname": "INFO", "name": "inference", "message": "RequestID=6fb521cf-c70b-4141-a5c5-aa0eda087b01 | Method=GET | Path=/metrics | Latency=6.01 ms | Status=200"}
{"asctime": "2026-02-22 01:12:36,465", "levelname": "INFO", "name": "inference", "message": "RequestID=9ebea88c-1e5c-425f-996f-ed5b3ab57be6 | Method=GET | Path=/metrics | Latency=4.36 ms | Status=200"}
{"asctime": "2026-02-22 01:12:41,630", "levelname": "INFO", "name": "inference", "message": "RequestID=f07f65c1-5ef7-45a9-a174-7347efb49ce3 | Method=GET | Path=/metrics | Latency=5.58 ms | Status=200"}
{"asctime": "2026-02-22 01:12:46,796", "levelname": "INFO", "name": "inference", "message": "RequestID=4956fd59-c55a-4ece-a938-c4c25a78bff4 | Method=GET | Path=/metrics | Latency=5.59 ms | Status=200"}
{"asctime": "2026-02-22 01:12:51,965", "levelname": "INFO", "name": "inference", "message": "RequestID=00ffb748-5e82-4ca2-9db6-1030df7e7e85 | Method=GET | Path=/metrics | Latency=4.98 ms | Status=200"}
{"asctime": "2026-02-22 01:12:57,133", "levelname": "INFO", "name": "inference", "message": "RequestID=e4768d95-5a23-4f7c-b8d9-4754fd5c8e28 | Method=GET | Path=/metrics | Latency=5.65 ms | Status=200"}
{"asctime": "2026-02-22 01:13:02,329", "levelname": "INFO", "name": "inference", "message": "RequestID=93120445-a50a-402a-8fce-e765f7e98137 | Method=GET | Path=/metrics | Latency=5.67 ms | Status=200"}
{"asctime": "2026-02-22 01:13:07,520", "levelname": "INFO", "name": "inference", "message": "RequestID=b22c31a8-f72a-4e49-8639-22acc076220b | Method=GET | Path=/metrics | Latency=5.60 ms | Status=200"}
{"asctime": "2026-02-22 01:13:12,697", "levelname": "INFO", "name": "inference", "message": "RequestID=b8557b23-41a4-4900-91d8-98823b2add74 | Method=GET | Path=/metrics | Latency=6.04 ms | Status=200"}
{"asctime": "2026-02-22 01:13:17,863", "levelname": "INFO", "name": "inference", "message": "RequestID=ac8f2c74-5c9f-4d5f-af32-2fd5a31de564 | Method=GET | Path=/metrics | Latency=5.64 ms | Status=200"}
{"asctime": "2026-02-22 01:13:23,031", "levelname": "INFO", "name": "inference", "message": "RequestID=2d5c3d49-7f1f-478a-9526-b613091a915b | Method=GET | Path=/metrics | Latency=5.85 ms | Status=200"}
{"asctime": "2026-02-22 01:13:28,207", "levelname": "INFO", "name": "inference", "message": "RequestID=f1b98ea8-fe2f-446c-acdb-9f5f71eac5d3 | Method=GET | Path=/metrics | Latency=5.39 ms | Status=200"}
{"asctime": "2026-02-22 01:13:33,366", "levelname": "INFO", "name": "inference", "message": "RequestID=4562ae45-a4e0-48f4-844e-916a8390f9e1 | Method=GET | Path=/metrics | Latency=5.05 ms | Status=200"}
{"asctime": "2026-02-22 01:13:38,537", "levelname": "INFO", "name": "inference", "message": "RequestID=e124e37c-528c-4555-b8af-694f01fb0ec7 | Method=GET | Path=/metrics | Latency=5.95 ms | Status=200"}
{"asctime": "2026-02-22 01:13:43,705", "levelname": "INFO", "name": "inference", "message": "RequestID=c6b81c21-abbc-411d-80c0-b9d0f23c6653 | Method=GET | Path=/metrics | Latency=7.33 ms | Status=200"}
{"asctime": "2026-02-22 01:13:48,871", "levelname": "INFO", "name": "inference", "message": "RequestID=1d1a6004-3fac-44dc-975c-02a69fce0e39 | Method=GET | Path=/metrics | Latency=4.88 ms | Status=200"}
{"asctime": "2026-02-22 01:13:54,038", "levelname": "INFO", "name": "inference", "message": "RequestID=d950d048-e1a2-46b6-be03-a69e2b5abcf2 | Method=GET | Path=/metrics | Latency=5.19 ms | Status=200"}
{"asctime": "2026-02-22 01:13:59,209", "levelname": "INFO", "name": "inference", "message": "RequestID=de39ecda-06aa-444e-9153-781aba682e4f | Method=GET | Path=/metrics | Latency=4.75 ms | Status=200"}
{"asctime": "2026-02-22 01:14:04,377", "levelname": "INFO", "name": "inference", "message": "RequestID=13cfd4eb-b1aa-4364-a91b-9c66929e7dd9 | Method=GET | Path=/metrics | Latency=4.52 ms | Status=200"}
{"asctime": "2026-02-22 01:14:09,560", "levelname": "INFO", "name": "inference", "message": "RequestID=d3dfad7e-fdb5-46a1-a5ea-feab5a111017 | Method=GET | Path=/metrics | Latency=5.55 ms | Status=200"}
{"asctime": "2026-02-22 01:14:14,739", "levelname": "INFO", "name": "inference", "message": "RequestID=a44c9f20-4da2-4733-ac34-922e2682ccc6 | Method=GET | Path=/metrics | Latency=6.20 ms | Status=200"}
{"asctime": "2026-02-22 01:14:19,897", "levelname": "INFO", "name": "inference", "message": "RequestID=72f7f3ef-d84a-43d8-ae6b-06911c03bd19 | Method=GET | Path=/metrics | Latency=4.88 ms | Status=200"}
{"asctime": "2026-02-22 01:14:25,067", "levelname": "INFO", "name": "inference", "message": "RequestID=5a587ea3-da8e-4c5e-ab3c-ef487731cd2c | Method=GET | Path=/metrics | Latency=4.89 ms | Status=200"}
{"asctime": "2026-02-22 01:14:30,251", "levelname": "INFO", "name": "inference", "message": "RequestID=315a3cee-6f53-4f01-b79e-02a5e155df19 | Method=GET | Path=/metrics | Latency=7.42 ms | Status=200"}
{"asctime": "2026-02-22 01:14:35,413", "levelname": "INFO", "name": "inference", "message": "RequestID=87ab4f5c-6973-487e-a293-bb987a3ff940 | Method=GET | Path=/metrics | Latency=3.31 ms | Status=200"}
{"asctime": "2026-02-22 01:14:40,583", "levelname": "INFO", "name": "inference", "message": "RequestID=ba72705e-466d-451e-97c8-4d8c48b502cf | Method=GET | Path=/metrics | Latency=4.05 ms | Status=200"}
{"asctime": "2026-02-22 01:14:45,756", "levelname": "INFO", "name": "inference", "message": "RequestID=c6e28171-f30c-4ee2-8857-5ea475a83307 | Method=GET | Path=/metrics | Latency=3.68 ms | Status=200"}
{"asctime": "2026-02-22 01:14:50,926", "levelname": "INFO", "name": "inference", "message": "RequestID=69cf2b8c-6126-41cc-a6b7-feb84314074e | Method=GET | Path=/metrics | Latency=4.28 ms | Status=200"}
{"asctime": "2026-02-22 01:14:56,093", "levelname": "INFO", "name": "inference", "message": "RequestID=12bae97d-36f1-4b3e-879b-24eabb41ca90 | Method=GET | Path=/metrics | Latency=3.56 ms | Status=200"}
{"asctime": "2026-02-22 01:15:01,262", "levelname": "INFO", "name": "inference", "message": "RequestID=223b0aab-cda7-4577-9a4a-e0e499ccdcc4 | Method=GET | Path=/metrics | Latency=5.50 ms | Status=200"}
{"asctime": "2026-02-22 01:15:06,439", "levelname": "INFO", "name": "inference", "message": "RequestID=846380b5-61ed-4ba7-b95a-1d68479abb63 | Method=GET | Path=/metrics | Latency=4.84 ms | Status=200"}
{"asctime": "2026-02-22 01:15:11,621", "levelname": "INFO", "name": "inference", "message": "RequestID=20a45a54-3612-43f2-8446-cd9d7ed408a4 | Method=GET | Path=/metrics | Latency=5.94 ms | Status=200"}
{"asctime": "2026-02-22 01:15:16,801", "levelname": "INFO", "name": "inference", "message": "RequestID=4973ecb5-42c8-4b89-99b6-41017c943c02 | Method=GET | Path=/metrics | Latency=5.02 ms | Status=200"}
{"asctime": "2026-02-22 01:15:21,965", "levelname": "INFO", "name": "inference", "message": "RequestID=2d762e17-c3e7-45df-9c31-d5e42f0cafc5 | Method=GET | Path=/metrics | Latency=5.23 ms | Status=200"}
{"asctime": "2026-02-22 01:15:27,144", "levelname": "INFO", "name": "inference", "message": "RequestID=2ba058ea-9a5f-4955-a7d8-1a81d50ec6d6 | Method=GET | Path=/metrics | Latency=9.35 ms | Status=200"}
{"asctime": "2026-02-22 01:15:32,301", "levelname": "INFO", "name": "inference", "message": "RequestID=e3c4d540-f5f8-422d-9057-64be4ebf4509 | Method=GET | Path=/metrics | Latency=4.24 ms | Status=200"}
{"asctime": "2026-02-22 01:15:37,475", "levelname": "INFO", "name": "inference", "message": "RequestID=b026f9ce-ecd3-45e6-9710-5188daf834e5 | Method=GET | Path=/metrics | Latency=4.23 ms | Status=200"}
{"asctime": "2026-02-22 01:15:42,643", "levelname": "INFO", "name": "inference", "message": "RequestID=ade52a73-1aa3-4a41-b815-de6b9e82e10d | Method=GET | Path=/metrics | Latency=3.79 ms | Status=200"}
{"asctime": "2026-02-22 01:15:47,818", "levelname": "INFO", "name": "inference", "message": "RequestID=3dc4c60e-0a0b-445b-ab91-9b57fdf4e578 | Method=GET | Path=/metrics | Latency=7.32 ms | Status=200"}
{"asctime": "2026-02-22 01:15:52,977", "levelname": "INFO", "name": "inference", "message": "RequestID=b7430a33-6019-49ef-aead-c30703322814 | Method=GET | Path=/metrics | Latency=3.69 ms | Status=200"}
{"asctime": "2026-02-22 01:15:58,155", "levelname": "INFO", "name": "inference", "message": "RequestID=c47aa64c-54c6-4166-a257-4d4e3d28348e | Method=GET | Path=/metrics | Latency=6.66 ms | Status=200"}
{"asctime": "2026-02-22 01:16:03,322", "levelname": "INFO", "name": "inference", "message": "RequestID=692afd2e-7300-4e98-8349-cc8852773f53 | Method=GET | Path=/metrics | Latency=4.01 ms | Status=200"}
{"asctime": "2026-02-22 01:16:08,491", "levelname": "INFO", "name": "inference", "message": "RequestID=3f90bde5-7d3b-406f-9c23-df3593b00c13 | Method=GET | Path=/metrics | Latency=1.46 ms | Status=200"}
{"asctime": "2026-02-22 01:16:13,680", "levelname": "INFO", "name": "inference", "message": "RequestID=c11ef5a9-ccee-4fd1-9ac2-e8e1de1943dc | Method=GET | Path=/metrics | Latency=4.42 ms | Status=200"}
{"asctime": "2026-02-22 01:16:18,855", "levelname": "INFO", "name": "inference", "message": "RequestID=300f288a-a704-43a4-b337-d42bffa24264 | Method=GET | Path=/metrics | Latency=5.00 ms | Status=200"}
{"asctime": "2026-02-22 01:16:24,022", "levelname": "INFO", "name": "inference", "message": "RequestID=a415da3f-f9ae-49ed-87a9-f64779092cf2 | Method=GET | Path=/metrics | Latency=4.35 ms | Status=200"}
{"asctime": "2026-02-22 01:16:29,194", "levelname": "INFO", "name": "inference", "message": "RequestID=1f1740a6-44eb-4c61-9ca6-8d4980437419 | Method=GET | Path=/metrics | Latency=4.57 ms | Status=200"}
{"asctime": "2026-02-22 01:16:34,365", "levelname": "INFO", "name": "inference", "message": "RequestID=31e06b41-07ee-479d-a37f-2cfa3222fc0a | Method=GET | Path=/metrics | Latency=3.85 ms | Status=200"}
{"asctime": "2026-02-22 01:16:39,536", "levelname": "INFO", "name": "inference", "message": "RequestID=08e6ae08-44ca-4886-bada-85e51f58b3ae | Method=GET | Path=/metrics | Latency=3.93 ms | Status=200"}
{"asctime": "2026-02-22 01:16:44,713", "levelname": "INFO", "name": "inference", "message": "RequestID=0be44254-401b-4e3c-ba05-ddc0df8d7d97 | Method=GET | Path=/metrics | Latency=4.66 ms | Status=200"}
{"asctime": "2026-02-22 01:16:49,883", "levelname": "INFO", "name": "inference", "message": "RequestID=8a8832cc-0337-42f3-a5b5-6da70de9725e | Method=GET | Path=/metrics | Latency=3.59 ms | Status=200"}
{"asctime": "2026-02-22 01:16:55,058", "levelname": "INFO", "name": "inference", "message": "RequestID=b5c7d5b7-61f5-4b34-8fbf-eefeb6e5b04a | Method=GET | Path=/metrics | Latency=6.21 ms | Status=200"}
{"asctime": "2026-02-22 01:17:00,220", "levelname": "INFO", "name": "inference", "message": "RequestID=80a8ed6f-90cc-4603-ae04-244206bc0eef | Method=GET | Path=/metrics | Latency=2.96 ms | Status=200"}
{"asctime": "2026-02-22 01:17:05,432", "levelname": "INFO", "name": "inference", "message": "RequestID=a05d028c-1a21-4f46-abf0-84584d85abce | Method=GET | Path=/metrics | Latency=6.46 ms | Status=200"}
{"asctime": "2026-02-22 01:17:10,568", "levelname": "INFO", "name": "inference", "message": "RequestID=7469ad99-69d2-4973-ac03-fd3928628a89 | Method=GET | Path=/metrics | Latency=6.68 ms | Status=200"}
{"asctime": "2026-02-22 01:17:15,739", "levelname": "INFO", "name": "inference", "message": "RequestID=536e02b3-d362-4489-9ec7-06d7dbc9e6a3 | Method=GET | Path=/metrics | Latency=4.14 ms | Status=200"}
{"asctime": "2026-02-22 01:17:20,912", "levelname": "INFO", "name": "inference", "message": "RequestID=3ad08b30-5abe-4322-963f-76bb3074eea1 | Method=GET | Path=/metrics | Latency=6.38 ms | Status=200"}
{"asctime": "2026-02-22 01:17:26,085", "levelname": "INFO", "name": "inference", "message": "RequestID=0368008e-536d-4fa5-bcde-038eb53a828a | Method=GET | Path=/metrics | Latency=5.24 ms | Status=200"}
{"asctime": "2026-02-22 01:17:31,252", "levelname": "INFO", "name": "inference", "message": "RequestID=20fff7c8-1f01-4d06-99fb-67b1d78998c1 | Method=GET | Path=/metrics | Latency=3.93 ms | Status=200"}
{"asctime": "2026-02-22 01:17:36,424", "levelname": "INFO", "name": "inference", "message": "RequestID=54dfdbb1-75fc-4396-9cf8-2855e6b59924 | Method=GET | Path=/metrics | Latency=6.16 ms | Status=200"}
{"asctime": "2026-02-22 01:17:41,594", "levelname": "INFO", "name": "inference", "message": "RequestID=999e58fd-6b31-4e29-9bbd-2ea1f643f861 | Method=GET | Path=/metrics | Latency=4.62 ms | Status=200"}
{"asctime": "2026-02-22 01:17:46,771", "levelname": "INFO", "name": "inference", "message": "RequestID=fca67737-6ae4-4c5b-b47a-261ec34084e6 | Method=GET | Path=/metrics | Latency=4.46 ms | Status=200"}
{"asctime": "2026-02-22 01:17:51,948", "levelname": "INFO", "name": "inference", "message": "RequestID=c97fd336-e29d-4135-8694-41089dbde700 | Method=GET | Path=/metrics | Latency=3.56 ms | Status=200"}
{"asctime": "2026-02-22 01:17:57,119", "levelname": "INFO", "name": "inference", "message": "RequestID=108b2bbf-11d4-48fa-a199-0b89a74fae98 | Method=GET | Path=/metrics | Latency=3.95 ms | Status=200"}
{"asctime": "2026-02-22 01:18:02,291", "levelname": "INFO", "name": "inference", "message": "RequestID=91ecda53-afbf-4a33-91f7-5d0a50f7330d | Method=GET | Path=/metrics | Latency=4.86 ms | Status=200"}
{"asctime": "2026-02-22 01:18:07,497", "levelname": "INFO", "name": "inference", "message": "RequestID=1df027dc-bfce-4611-9d2c-eea6fa4e92a1 | Method=GET | Path=/metrics | Latency=4.70 ms | Status=200"}
{"asctime": "2026-02-22 01:18:12,646", "levelname": "INFO", "name": "inference", "message": "RequestID=f47c1d9e-4658-458c-a270-e5f7b3fda8cd | Method=GET | Path=/metrics | Latency=4.09 ms | Status=200"}
{"asctime": "2026-02-22 01:18:17,836", "levelname": "INFO", "name": "inference", "message": "RequestID=674d737f-cf6f-4c45-9dbb-374ffdc1befc | Method=GET | Path=/metrics | Latency=4.03 ms | Status=200"}
{"asctime": "2026-02-22 01:18:23,019", "levelname": "INFO", "name": "inference", "message": "RequestID=2c1ce32b-161f-4ce9-9ebb-02b17ead8bed | Method=GET | Path=/metrics | Latency=3.85 ms | Status=200"}
{"asctime": "2026-02-22 01:18:28,189", "levelname": "INFO", "name": "inference", "message": "RequestID=d3a5db21-7c55-4aee-930e-7b0e00721087 | Method=GET | Path=/metrics | Latency=3.65 ms | Status=200"}
{"asctime": "2026-02-22 01:18:33,366", "levelname": "INFO", "name": "inference", "message": "RequestID=6f84dfd7-d998-40dc-a061-02be6524e0c3 | Method=GET | Path=/metrics | Latency=5.84 ms | Status=200"}
{"asctime": "2026-02-22 01:18:38,530", "levelname": "INFO", "name": "inference", "message": "RequestID=02b31643-c288-49e5-a726-bfd98911fbb1 | Method=GET | Path=/metrics | Latency=5.33 ms | Status=200"}
{"asctime": "2026-02-22 01:18:43,710", "levelname": "INFO", "name": "inference", "message": "RequestID=b5064cf2-69db-4d2a-8f54-7d5370d13438 | Method=GET | Path=/metrics | Latency=5.74 ms | Status=200"}
{"asctime": "2026-02-22 01:18:48,880", "levelname": "INFO", "name": "inference", "message": "RequestID=3bc0ab76-a427-4c1a-817c-6015fffe0e35 | Method=GET | Path=/metrics | Latency=5.46 ms | Status=200"}
{"asctime": "2026-02-22 01:18:54,053", "levelname": "INFO", "name": "inference", "message": "RequestID=19781a64-431d-4924-b7c6-9561330ee5d5 | Method=GET | Path=/metrics | Latency=5.64 ms | Status=200"}
{"asctime": "2026-02-22 01:18:59,224", "levelname": "INFO", "name": "inference", "message": "RequestID=848faa05-80a2-4d45-8228-ee0cd9f2345c | Method=GET | Path=/metrics | Latency=4.99 ms | Status=200"}
{"asctime": "2026-02-22 01:19:04,397", "levelname": "INFO", "name": "inference", "message": "RequestID=38a7d3fe-4f04-4176-aaac-4ee7d305d420 | Method=GET | Path=/metrics | Latency=5.25 ms | Status=200"}
{"asctime": "2026-02-22 01:19:09,562", "levelname": "INFO", "name": "inference", "message": "RequestID=e0f0cbd0-b7a5-4668-bd01-91b705a8c3ec | Method=GET | Path=/metrics | Latency=3.60 ms | Status=200"}
{"asctime": "2026-02-22 01:19:14,745", "levelname": "INFO", "name": "inference", "message": "RequestID=574e2373-f40d-4bfb-9a24-3a29ee600a58 | Method=GET | Path=/metrics | Latency=6.00 ms | Status=200"}
{"asctime": "2026-02-22 01:19:19,942", "levelname": "INFO", "name": "inference", "message": "RequestID=56ece32e-7cf2-4637-9817-cc2a4c167cd7 | Method=GET | Path=/metrics | Latency=11.86 ms | Status=200"}
{"asctime": "2026-02-22 01:19:25,113", "levelname": "INFO", "name": "inference", "message": "RequestID=f543bd4c-6a45-45b0-a621-4ae20758c0a2 | Method=GET | Path=/metrics | Latency=5.34 ms | Status=200"}
{"asctime": "2026-02-22 01:19:30,271", "levelname": "INFO", "name": "inference", "message": "RequestID=c7e47ce9-3ec9-44e0-99fb-8abe254b80bb | Method=GET | Path=/metrics | Latency=7.67 ms | Status=200"}
{"asctime": "2026-02-22 01:19:35,453", "levelname": "INFO", "name": "inference", "message": "RequestID=ab3cd887-b442-4e59-a6f9-17ee0659eb87 | Method=GET | Path=/metrics | Latency=5.94 ms | Status=200"}
{"asctime": "2026-02-22 01:19:40,610", "levelname": "INFO", "name": "inference", "message": "RequestID=2cd6e0ad-8454-47ba-9bde-b63aaf912ebb | Method=GET | Path=/metrics | Latency=5.50 ms | Status=200"}
{"asctime": "2026-02-22 01:19:45,777", "levelname": "INFO", "name": "inference", "message": "RequestID=54b6a86a-74a7-489e-862c-ae571c30f93e | Method=GET | Path=/metrics | Latency=5.16 ms | Status=200"}
